12409,000c3150,2012,GRJ200-3021571,056,2012.10,2015.8,6424
12409,000c3150,2012,GRJ200-3021576,6R4,2012.10,2015.8,1422
12409,000c3150,2012,GRJ200-3021583,202,2012.10,2015.8,270
12409,000c3150,2015,GRJ200-3035645,,2015.10,2015.9,113
12410,000c3150,2012,GRJ200-3021571,056,2012.10,2015.8,6424
12410,000c3150,2012,GRJ200-3021576,6R4,2012.10,2015.8,1422
12410,000c3150,2012,GRJ200-3021583,202,2012.10,2015.8,270
12410,000c3150,2015,GRJ200-3035645,,2015.10,2015.9,113
25988,000c337e,2016,GRJ200-3035840,070,2016.10,2016.9,226
25988,000c337e,2016,GRJ200-3036183,6R4,2016.10,2016.9,16
25988,000c337e,2016,GRJ200-3036257,202,2016.10,2016.9,7
25988,000c337e,2016,GRJ200-3035807,,2016.1,2016.2,3
25990,00264384,2016,URJ202-3035844,070,2016.10,2016.9,235
25990,00264384,2016,URJ202-3035850,6R4,2016.10,2016.9,22
25990,00263fe2,2016,URJ202-3035809,,2016.1,2016.2,10
25990,00264384,2016,URJ202-3036317,202,2016.10,2016.8,7
3496,0026a2b2,2007,UZJ200-3000205,056,2006.12,2009.9,598
3496,0026a2b2,2007,UZJ200-3000237,6R4,2006.12,2009.8,309
3496,0026a2b2,2008,UZJ200-3000435,202,2006.2,2009.7,86
3497,0026a13e,2007,UZJ200-3000203,056,2006.10,2009.9,3210
3497,0026a13e,2007,UZJ200-3000200,6R4,2006.10,2009.9,1926
3497,0026a13e,2007,UZJ200-3000208,202,2006.10,2009.7,716
21970,0025cae8,2015,TRJ150-S088697,070,2015.3,2016.5,4474
21970,0025cae8,2015,TRJ150-S088701,040,2015.12,2015.8,2060
21970,0025cae8,2015,TRJ150-S088721,6V4,2015.3,2015.8,766
21970,0025cae8,2015,TRJ150-S088722,218,2015.3,2015.8,252
21970,0025cae8,2015,TRJ150-S088741,4T3,2015.3,2015.7,114
21970,0025cae8,2015,TRJ150-S089280,1F7,2015.3,2015.7,70
7668,000c04fe,2010,GRJ150-S000006,40,2010.10,2012.9,22034
7668,000c04fe,2010,GRJ150-S001221,040,2010.6,2013.9,15111
7668,000c04fe,2010,GRJ150-S001017,6V2,2010.10,2013.9,7566
7668,000c04fe,2010,GRJ150-S001028,202,2010.10,2013.9,2320
7668,000c04fe,2010,GRJ150-S001153,1F7,2010.10,2013.9,617
7668,000c04fe,2010,GRJ150-S001022,1H2,2010.10,2012.2,141
17568,000c04fe,2013,GRJ150-S000014,040,2013.11,2015.9,14170
17568,000c04fe,2013,GRJ150-S066233,6V4,2013.11,2015.8,979
17568,000c04fe,2013,GRJ150-S072427,6V2,2013.11,2015.2,808
17568,000c04fe,2013,GRJ150-S072457,202,2013.11,2015.2,366
17568,000c04fe,2013,GRJ150-S070838,4T3,2013.11,2015.6,115
17568,000c04fe,2015,GRJ150-S090699,218,2015.3,2015.8,66
17568,000c04fe,2013,GRJ150-S073432,1F7,2013.11,2015.8,35
17568,000c04fe,2015,GRJ150-S091655,070,2015.6,2015.6,28
7933,000c04fe,2010,GRJ150-S000006,40,2010.10,2012.9,22034
7933,000c04fe,2010,GRJ150-S001221,040,2010.6,2013.9,15111
7933,000c04fe,2010,GRJ150-S001017,6V2,2010.10,2013.9,7566
7933,000c04fe,2010,GRJ150-S001028,202,2010.10,2013.9,2320
7933,001971a2,2019,MXVA71-G001015,2PU,2019.2,2019.7,760
7933,000c04fe,2010,GRJ150-S001153,1F7,2010.10,2013.9,617
7933,001971a2,2019,MXVA71-G001008,2SZ,2019.2,2019.7,365
7933,000c04fe,2010,GRJ150-S001022,1H2,2010.10,2012.2,141
7933,001971a2,2019,MXVA71-G002078,209,2019.3,2019.7,130
7933,001971a2,2019,MXVA71-G002001,089,2019.3,2019.7,116
7933,001971a2,2019,MXVA71-G001019,3U5,2019.3,2019.6,37
7933,001971a2,2019,MXVA71-G002559,4X1,2019.3,2019.7,33
7933,001971a2,2019,MXVA71-G005138,4W4,2019.3,2019.6,3
2493,0000672c,2006,ACR50-7034131,1F7,2006.10,2012.4,9804
2493,0000672c,2006,ACR50-7033696,5A4,2006.10,2012.4,3503
2493,0000672c,2006,ACR50-7034192,070,2006.10,2012.4,2481
2493,0000672c,2006,ACR50-7034137,202,2006.10,2012.4,1506
2493,000067e6,2009,ACR50-7074827,1F8,2009.10,2012.4,314
2493,0000672c,2007,ACR50-7048841,040,2007.4,2012.4,48
2493,000067e6,2009,ACR50-7076469,8S6,2009.12,2009.7,16
2493,000067e6,2011,ACR50-7103966,9AE,2010.11,2012.2,12
2493,000067e6,2010,ACR50-A023790,3Q3,2010.10,2011.8,9
3020,000d0a8e,2007,GSR50-0003983,1F7,2006.11,2012.4,6324
3020,000d0a8e,2007,GSR50-0003995,5A4,2006.10,2012.4,1656
3020,000d0a8e,2007,GSR50-0003948,202,2006.11,2012.4,1476
3020,000d0a8e,2006,GSR50-7011816,070,2006.11,2012.4,1464
3020,000d0a8e,2007,GSR50-0003992,1F8,2007.1,2012.4,777
3020,000d0a8e,2006,GSR50-7011611,040,2006.11,2012.2,196
3020,000d0a8e,2007,GSR50-7015183,8S6,2007.10,2012.2,37
3020,000d0b48,2010,GSR50-7018961,9AE,2009.7,2012.3,10
3020,000d0a8e,2006,GSR50-0001002,8S7,2006.10,2006.4,2
8111,002a6906,2010,ZRE120-0175186,1F7,2010.10,2012.9,102764
8111,002a6906,2010,ZRE120-0174704,209,2010.10,2012.9,37267
8111,002a6906,2010,ZRE120-0174838,056,2010.10,2012.9,32511
8111,002a6906,2011,ZRE120-0286109,3P1,2011.10,2012.9,4075
8111,002a6906,2010,ZRE120-0182568,8T4,2010.10,2012.9,2704
8111,002a6906,2010,ZRE120-0174644,1D0,2010.5,2010.5,146
10612,002a6906,2010,ZRE120-0175186,1F7,2010.10,2012.9,102764
10612,002a6906,2010,ZRE120-0174704,209,2010.10,2012.9,37267
10612,002a6906,2010,ZRE120-0174838,056,2010.10,2012.9,32511
10612,002a6906,2011,ZRE120-0286109,3P1,2011.10,2012.9,4075
10612,002a6906,2010,ZRE120-0182568,8T4,2010.10,2012.9,2704
10612,002a6906,2010,ZRE120-0174644,1D0,2010.5,2010.5,146
10614,002a6906,2010,ZRE120-0175186,1F7,2010.10,2012.9,102764
10614,002a6906,2010,ZRE120-0174704,209,2010.10,2012.9,37267
10614,002a6906,2010,ZRE120-0174838,056,2010.10,2012.9,32511
10614,002a6906,2011,ZRE120-0286109,3P1,2011.10,2012.9,4075
10614,002a6906,2010,ZRE120-0182568,8T4,2010.10,2012.9,2704
10614,002a6906,2010,ZRE120-0174644,1D0,2010.5,2010.5,146
14508,002a6906,2012,ZRE120-0446861,1F7,2012.10,2016.9,100762
14508,002a6906,2012,ZRE120-0446958,056,2012.10,2016.9,67727
14508,002a6906,2012,ZRE120-0446842,209,2012.10,2016.9,32598
14508,002a6906,2012,ZRE120-0446834,3P1,2012.10,2016.4,6342
14508,002a6906,2012,ZRE120-0453155,8T4,2012.11,2015.2,1333
14508,002a6906,2015,ZRE120-0728753,1G3,2015.10,2016.3,160
14321,002a6906,2012,ZRE120-0446861,1F7,2012.10,2016.9,100762
14321,002a6906,2012,ZRE120-0446958,056,2012.10,2016.9,67727
14321,002a6906,2012,ZRE120-0446842,209,2012.10,2016.9,32598
14321,002a6906,2012,ZRE120-0446834,3P1,2012.10,2016.4,6342
14321,002a6906,2012,ZRE120-0453155,8T4,2012.11,2015.2,1333
14321,002a6906,2015,ZRE120-0728753,1G3,2015.10,2016.3,160
14509,002a684c,2012,ZRE120-0446856,1F7,2012.10,2017.2,67555
14509,002a684c,2012,ZRE120-0446673,056,2012.10,2016.9,25075
14509,002a684c,2012,ZRE120-0443200,209,2012.10,2016.9,24248
14509,002a684c,2012,ZRE120-0447810,3P1,2012.10,2016.6,1018
14509,002a684c,2012,ZRE120-0450576,8T4,2012.10,2014.8,136
14509,002a684c,2015,ZRE120-0728755,1G3,2015.10,2016.1,31
14382,002a684c,2012,ZRE120-0446856,1F7,2012.10,2017.2,67555
14382,002a684c,2012,ZRE120-0446673,056,2012.10,2016.9,25075
14382,002a684c,2012,ZRE120-0443200,209,2012.10,2016.9,24248
14382,002a684c,2012,ZRE120-0447810,3P1,2012.10,2016.6,1018
14382,002a684c,2012,ZRE120-0450576,8T4,2012.10,2014.8,136
14382,002a684c,2015,ZRE120-0728755,1G3,2015.10,2016.1,31
14507,002a684c,2012,ZRE120-0446856,1F7,2012.10,2017.2,67555
14507,002a684c,2012,ZRE120-0446673,056,2012.10,2016.9,25075
14507,002a684c,2012,ZRE120-0443200,209,2012.10,2016.9,24248
14507,002a684c,2012,ZRE120-0447810,3P1,2012.10,2016.6,1018
14507,002a684c,2012,ZRE120-0450576,8T4,2012.10,2014.8,136
14507,002a684c,2015,ZRE120-0728755,1G3,2015.10,2016.1,31
15618,0000c942,2012,ACV41-G700503,202,2012.10,2014.5,49516
15618,0000c942,2014,ACV41-G787347,209,2014.10,2015.6,30417
15618,0000c942,2013,ACV41-G736333,070,2013.10,2015.4,9617
15618,0000c942,2012,ACV41-G701508,1D4,2012.10,2015.3,1452
11244,0000d428,2011,ACV51-G002001,218,2011.12,2014.9,24556
11244,0000d428,2011,ACV51-G002003,070,2011.12,2014.9,5235
11244,0000d428,2011,ACV51-G002015,1D4,2011.12,2014.6,1375
11244,0000d428,2012,ACV51-G004168,1G3,2012.1,2014.5,284
11244,0000d428,2012,ACV51-G012714,4T8,2012.10,2013.4,131
11244,0000d428,2012,ACV51-G012801,8W1,2012.11,2013.7,33
11244,0000d428,2013,ACV51-G133095,3R3,2013.10,2013.11,2
15146,0000d428,2013,ACV51-G069275,218,2013.10,2014.9,58357
15146,0000d428,2013,ACV51-G070900,070,2013.10,2014.9,19751
15146,0000d428,2013,ACV51-G073342,1D4,2013.10,2014.9,1003
15146,0000d428,2013,ACV51-G125383,3R3,2013.10,2014.9,639
15146,0000d428,2013,ACV51-G079883,1G3,2013.10,2014.9,173
15146,0000d428,2013,ACV51-G079820,4T8,2013.3,2013.8,82
15146,0000d428,2013,ACV51-G080153,8W1,2013.10,2014.8,9
11260,0000d656,2012,ACV51-G009086,218,2012.10,2014.9,72277
11260,0000d656,2012,ACV51-G009121,070,2012.10,2014.9,28256
11260,0000d656,2012,ACV51-G009288,1D4,2012.10,2014.9,2137
11260,0000d656,2013,ACV51-G125375,3R3,2013.10,2014.9,1302
11260,0000d656,2012,ACV51-G009213,1G3,2012.10,2014.9,523
11260,0000d656,2012,ACV51-G013187,4T8,2012.10,2013.9,170
11260,0000d656,2012,ACV51-G009665,8W1,2012.10,2014.7,65
20899,00036cf6,2014,ASV51-G002017,218,2014.12,2016.7,74598
20899,00036cf6,2014,ASV51-G002010,070,2014.12,2016.7,37668
20899,00036cf6,2014,ASV51-G002105,3T3,2014.12,2016.7,1324
20899,00036cf6,2014,ASV51-G002045,1D4,2014.12,2016.7,891
20899,00036cf6,2014,ASV51-G002587,1H1,2014.12,2016.7,611
20899,00036cf6,2015,ASV51-G003401,8V5,2014.12,2016.7,210
20901,00037098,2014,ASV51-G002007,218,2014.12,2016.7,3266
20901,00037098,2014,ASV51-G002012,070,2014.12,2016.7,2496
20901,00037098,2014,ASV51-G002002,3T3,2014.12,2016.5,131
20901,00037098,2014,ASV51-G002065,1D4,2014.12,2016.3,37
20901,00037098,2014,ASV51-G002003,1H1,2014.12,2015.9,35
20901,00037098,2015,ASV51-G002988,8V5,2014.12,2016.4,17
20902,00036cf6,2014,ASV51-G002014,218,2014.12,2016.7,928
20902,00036cf6,2014,ASV51-G002029,070,2014.12,2016.7,515
20902,00036cf6,2014,ASV51-G002005,1D4,2014.12,2016.5,59
20902,00036cf6,2014,ASV51-G002008,3T3,2014.12,2016.4,45
20902,00036cf6,2014,ASV51-G002001,1H1,2014.12,2016.4,22
20902,00036cf6,2014,ASV51-G002004,8V5,2014.12,2016.6,13
20902,00036cf6,2016,ASV51-G643109,209,2016.8,2016.8,1
7511,00024258,2010,AHV41-G002003,202,2010.3,2010.8,151
7511,00024258,2010,AHV41-G003196,8U8,2010.12,2010.7,6
7511,00024258,2010,AHV41-G003284,070,2010.11,2010.7,2
7511,00024258,2010,AHV41-G003368,4T8,2010.7,2010.7,1
12931,0003dcda,2012,AVV50-G002008,218,2012.10,2014.9,7100
12931,0003dcda,2012,AVV50-G002218,070,2012.10,2014.9,4400
12931,0003dcda,2012,AVV50-G002444,1D4,2012.10,2014.9,336
12931,0003dcda,2012,AVV50-G002001,8U8,2012.10,2014.9,238
12931,0003dcda,2012,AVV50-G002589,1G3,2012.7,2014.8,60
12931,0003dcda,2012,AVV50-G002537,8W1,2012.12,2014.5,31
12931,0003dcda,2012,AVV50-G002506,4T8,2012.11,2013.8,23
12931,0003dcda,2013,AVV50-G007850,3R3,2013.11,2014.9,11
11262,0003dcda,2012,AVV50-G002004,070,2012.11,2014.9,439
11262,0003dcda,2012,AVV50-G002009,218,2012.10,2014.9,186
11262,0003dcda,2012,AVV50-G002964,1D4,2012.12,2014.6,24
11262,0003dcda,2012,AVV50-G002002,8U8,2012.12,2013.9,12
11262,0003dcda,2012,AVV50-G003978,1G3,2012.12,2013.7,6
11262,0003dcda,2012,AVV50-G004016,4T8,2012.12,2013.6,5
20908,0003dd94,2014,AVV50-G250003,218,2014.12,2016.5,41
20908,0003dd94,2014,AVV50-G250054,070,2014.12,2016.8,40
20908,0003dd94,2014,AVV50-G250057,8V5,2014.12,2016.1,9
20908,0003dd94,2015,AVV50-G500949,1D4,2015.6,2016.2,5
20908,0003dd94,2015,AVV50-G500105,1H1,2015.4,2016.3,3
20908,0003dd94,2016,AVV50-G508507,209,2016.6,2016.8,2
20908,0003dd94,2016,AVV50-G508515,3T3,2016.6,2016.6,1
31824,000441d8,2017,AXVH71-G001501,089,2017.11,2019.2,727
31824,000441d8,2017,AXVH71-G001521,209,2017.11,2019.2,475
31824,000441d8,2017,AXVH71-G001513,4X1,2017.11,2019.2,394
31824,000441d8,2017,AXVH71-G001507,8W7,2017.11,2019.1,233
31824,000441d8,2017,AXVH71-G001510,3R3,2017.11,2018.9,40
31824,000441d8,2017,AXVH71-G001505,4U3,2017.11,2018.7,14
11257,00035acc,2011,ASV50-G002001,218,2011.12,2014.9,52180
11257,00035acc,2011,ASV50-G002008,070,2011.12,2014.9,13760
11257,00035acc,2011,ASV50-G002011,1D4,2011.12,2014.9,2838
11257,00035acc,2012,ASV50-G010495,1G3,2012.1,2014.9,695
11257,00035acc,2011,ASV50-G002018,8W1,2011.12,2014.5,491
11257,00035acc,2012,ASV50-G032164,4T8,2012.10,2013.8,213
11257,00035acc,2013,ASV50-G092356,3R3,2013.10,2014.9,122
11261,00035e6e,2011,ASV50-G002004,218,2011.12,2014.7,4269
11261,00035e6e,2011,ASV50-G002032,070,2011.12,2014.9,775
11261,00035e6e,2011,ASV50-G002097,1D4,2011.12,2014.9,202
11261,00035e6e,2012,ASV50-G032474,1G3,2012.3,2013.5,38
11261,00035e6e,2012,ASV50-G033478,8W1,2012.10,2012.5,12
11261,00035e6e,2012,ASV50-G037528,4T8,2012.12,2012.9,8
11261,00035e6e,2013,ASV50-G095371,3R3,2013.10,2013.10,2
11258,00035fe2,2012,ASV50-G019581,218,2012.10,2014.9,499
11258,00035fe2,2012,ASV50-G020604,070,2012.10,2014.7,115
11258,00035fe2,2012,ASV50-G021737,1D4,2012.11,2014.5,36
11258,00035fe2,2012,ASV50-G035027,1G3,2012.3,2013.7,15
11258,00035fe2,2012,ASV50-G027945,4T8,2012.12,2012.6,4
11258,00035fe2,2012,ASV50-G033749,8W1,2012.3,2013.6,4
15147,00035acc,2013,ASV50-G070952,218,2013.10,2014.9,14875
15147,00035acc,2013,ASV50-G071694,070,2013.10,2014.9,4585
15147,00035acc,2013,ASV50-G072817,1D4,2013.10,2014.9,321
15147,00035acc,2013,ASV50-G092374,3R3,2013.10,2014.9,109
15147,00035acc,2013,ASV50-G076556,1G3,2013.10,2014.9,72
15147,00035acc,2013,ASV50-G076521,4T8,2013.3,2013.9,21
15147,00035acc,2014,ASV50-G105564,8W1,2014.1,2014.8,3
3638,001ac37c,2008,NCP92-0002003,1D0,2008.10,2010.7,8848
3638,001ac37c,2008,NCP92-0002012,056,2008.10,2010.8,4052
3638,001ac37c,2008,NCP92-0002824,3P1,2008.10,2010.8,2162
3638,001ac37c,2008,NCP92-0002018,209,2008.10,2010.7,1885
3638,001ac37c,2008,NCP92-0002002,8B6,2008.10,2010.6,185
3638,001ac37c,2008,NCP92-0002787,586,2008.10,2010.6,168
17200,001c1d54,2013,NSP150-0002010,040,2013.10,2016.9,16702
17200,001c1d54,2013,NSP150-0002012,1F7,2013.10,2016.9,3621
17200,001c1d54,2013,NSP150-0002014,3R3,2013.10,2016.9,2860
17200,001c1d54,2013,NSP150-0002016,9AP,2013.10,2016.8,2124
17200,001c1d54,2013,NSP150-0002008,209,2013.10,2016.6,1185
17200,001c1d54,2013,NSP150-0002025,4R8,2013.10,2016.4,1046
17200,001c1d54,2013,NSP150-0002020,8V6,2013.10,2016.6,612
17201,001c1c9a,2013,NSP150-0002017,040,2013.10,2015.7,4653
17201,001c1c9a,2013,NSP150-0002003,1F7,2013.10,2014.9,2432
17201,001c1c9a,2013,NSP150-0002057,9AP,2013.10,2014.9,1657
17201,001c1c9a,2013,NSP150-0002160,3R3,2013.10,2015.7,1607
17201,001c1c9a,2013,NSP150-0002011,4R8,2013.10,2015.7,1249
17201,001c1c9a,2013,NSP150-0002027,209,2013.10,2014.9,969
17201,001c1c9a,2013,NSP150-0002091,8V6,2013.10,2014.8,759
17198,001c19b2,2013,NSP150-0002006,040,2013.10,2016.9,19050
17198,001c19b2,2013,NSP150-0002060,1F7,2013.10,2016.9,2878
17198,001c19b2,2013,NSP150-0002167,209,2013.10,2016.9,1368
17198,001c19b2,2013,NSP150-0002411,3R3,2013.10,2016.9,619
17198,001c19b2,2013,NSP150-0003461,9AP,2013.11,2016.9,542
17198,001c19b2,2013,NSP150-0003445,8V6,2013.11,2016.9,147
17198,001c19b2,2013,NSP150-0002323,4R8,2013.11,2016.4,83
17199,001c19b2,2013,NSP150-0002005,040,2013.10,2016.9,62398
17199,001c19b2,2013,NSP150-0002013,1F7,2013.10,2016.9,11608
17199,001c19b2,2013,NSP150-0002002,209,2013.10,2016.9,5759
17199,001c19b2,2013,NSP150-0002321,3R3,2013.10,2016.9,3518
17199,001c19b2,2013,NSP150-0002004,9AP,2013.10,2016.9,2784
17199,001c19b2,2013,NSP150-0002001,4R8,2013.10,2016.4,1004
17199,001c19b2,2013,NSP150-0002007,8V6,2013.11,2016.9,791
18405,001c699e,2014,NSP151-0023663,040,2014.10,2016.9,79301
18405,001c699e,2014,NSP151-0023882,1F7,2014.10,2016.9,16435
18405,001c699e,2014,NSP151-0023883,9AP,2014.10,2016.9,11858
18405,001c699e,2014,NSP151-0023925,3R3,2014.10,2016.9,8495
18405,001c699e,2014,NSP151-0023919,209,2014.10,2016.9,3455
18405,001c699e,2014,NSP151-0023943,4R8,2014.10,2016.5,1509
18405,001c699e,2014,NSP151-0023931,8V6,2014.10,2016.8,1010
15863,001c1c9a,2013,NSP150-0002017,040,2013.10,2014.9,4638
15863,001c1c9a,2013,NSP150-0002015,1F7,2013.10,2014.9,2431
15863,001c1c9a,2013,NSP150-0002057,9AP,2013.10,2014.9,1657
15863,001c1c9a,2013,NSP150-0002160,3R3,2013.10,2014.9,1604
15863,001c1c9a,2013,NSP150-0002011,4R8,2013.10,2014.7,1247
15863,001c1c9a,2013,NSP150-0002027,209,2013.10,2014.9,968
15863,001c1c9a,2013,NSP150-0002091,8V6,2013.10,2014.8,759
17202,001c68e4,2013,NSP151-0002002,040,2013.10,2016.5,2687
17202,001c68e4,2013,NSP151-0002010,9AP,2013.10,2016.2,839
17202,001c68e4,2013,NSP151-0002009,3R3,2013.10,2016.5,738
17202,001c68e4,2013,NSP151-0002017,4R8,2013.10,2015.5,697
17202,001c68e4,2013,NSP151-0002001,1F7,2013.10,2016.4,686
17202,001c68e4,2013,NSP151-0002005,8V6,2013.10,2015.7,303
17202,001c68e4,2013,NSP151-0002003,209,2013.10,2016.4,291
18404,001c65fc,2014,NSP151-0023886,040,2014.10,2016.9,42561
18404,001c65fc,2014,NSP151-0023662,1F7,2014.10,2016.9,9229
18404,001c65fc,2014,NSP151-0023885,209,2014.10,2016.9,3840
18404,001c65fc,2014,NSP151-0023934,9AP,2014.10,2016.9,2107
18404,001c65fc,2014,NSP151-0024009,3R3,2014.10,2016.9,1729
18404,001c65fc,2014,NSP151-0023976,8V6,2014.10,2016.8,343
18404,001c65fc,2014,NSP151-0024070,4R8,2014.10,2016.5,314
17143,001c63ce,2013,NSP151-0002015,040,2013.10,2014.2,2198
17143,001c63ce,2013,NSP151-0002062,1F7,2013.10,2014.2,1382
17143,001c63ce,2013,NSP151-0002022,209,2013.10,2014.1,764
17143,001c63ce,2013,NSP151-0003251,9AP,2013.11,2014.2,433
17143,001c63ce,2013,NSP151-0003254,4R8,2013.11,2014.3,380
17143,001c63ce,2013,NSP151-0003256,3R3,2013.11,2014.2,347
17143,001c63ce,2013,NSP151-0003270,8V6,2013.11,2014.1,217
18412,001c63ce,2014,NSP151-0023920,040,2014.10,2016.5,809
18412,001c63ce,2014,NSP151-0024023,1F7,2014.10,2016.5,175
18412,001c63ce,2014,NSP151-0023958,209,2014.11,2015.6,94
18412,001c63ce,2014,NSP151-0024264,9AP,2014.11,2016.3,76
18412,001c63ce,2014,NSP151-0024504,3R3,2014.10,2015.8,70
18412,001c63ce,2014,NSP151-0024577,4R8,2014.3,2015.9,24
18412,001c63ce,2014,NSP151-0025366,8V6,2014.10,2015.6,17
15513,002d70fe,2011,ZSP92-0074754,1F7,2011.10,2013.7,4797
15513,002d70fe,2011,ZSP92-0074755,056,2011.10,2013.7,4253
15513,002d70fe,2011,ZSP92-0074758,3P1,2011.10,2013.7,3411
15513,002d70fe,2011,ZSP92-0074751,209,2011.10,2013.5,643
15513,002d70fe,2011,ZSP92-0074756,8S9,2011.10,2012.9,248
15513,002d70fe,2013,ZSP92-0090074,3L8,2013.4,2013.7,122
15513,002d70fe,2013,ZSP92-0090096,580,2013.4,2013.7,106
15513,002d70fe,2011,ZSP92-0074753,8T4,2011.10,2012.9,105
5116,002d6d5c,2008,ZSP92-0019477,1D0,2008.10,2010.8,8118
5116,002d6d5c,2008,ZSP92-0019465,056,2008.10,2010.7,2552
5116,002d6d5c,2008,ZSP92-0019469,209,2008.10,2010.7,2083
5116,002d6d5c,2008,ZSP92-0019335,3P1,2008.10,2010.7,545
5116,002d6d5c,2008,ZSP92-0019473,8B6,2008.10,2010.6,51
5116,002d6d5c,2008,ZSP92-0019556,586,2008.10,2010.6,43
17541,0025c746,2013,TRJ150-0005201,070,2013.10,2015.6,3702
17541,0025c746,2013,TRJ150-0004888,218,2013.10,2015.6,2196
17541,0025c746,2013,TRJ150-0005210,202,2013.10,2015.6,932
17541,0025c746,2013,TRJ150-0004936,040,2013.10,2015.6,765
17541,0025c746,2013,TRJ150-0004911,1F7,2013.10,2015.6,719
17541,0025c746,2013,TRJ150-0005240,1G3,2013.10,2015.6,680
17541,0025c746,2013,TRJ150-0005247,4T3,2013.10,2015.6,406
17541,0025c746,2013,TRJ150-0005250,1H2,2013.10,2015.6,182
17541,0025c746,2014,TRJ150-0009124,6V4,2013.10,2015.5,53
17541,0025c746,2013,TRJ150-0005512,8S6,2013.10,2015.5,37
17904,0025c746,2014,TRJ150-5076152,070,2013.10,2015.6,1191
17904,0025c746,2014,TRJ150-5076128,202,2013.10,2015.6,960
17904,0025c746,2014,TRJ150-5076201,1G3,2013.10,2015.6,299
17904,0025c746,2014,TRJ150-5077422,1F7,2013.10,2015.6,217
17904,0025c746,2014,TRJ150-5077292,218,2013.10,2015.5,174
17904,0025c746,2014,TRJ150-5076175,040,2013.10,2015.6,111
17904,0025c746,2014,TRJ150-5077897,1H2,2013.10,2015.5,92
17904,0025c746,2015,TRJ150-5084293,4T3,2013.10,2015.6,58
17904,0025c746,2014,TRJ150-5081051,8S6,2013.10,2015.5,25
17904,0025c746,2014,TRJ150-K172334,6V4,2014.1,2015.3,10
6066,0025c68c,2013,TRJ150-0000726,202,2009.10,2013.8,4253
6066,0025c68c,2013,TRJ150-0000721,070,2009.10,2013.8,3837
6066,0025c68c,2013,TRJ150-0000720,1F7,2009.10,2013.8,1667
6066,0025c68c,2013,TRJ150-0000738,1G3,2009.10,2013.8,1291
6066,0025c68c,2013,TRJ150-0000743,040,2009.10,2013.8,1009
6066,0025c68c,2013,TRJ150-0000740,1H2,2009.10,2013.8,700
6066,0025c68c,2013,TRJ150-0000861,4T8,2009.10,2013.8,319
6066,0025c68c,2013,TRJ150-0000752,3R0,2009.9,2013.6,187
6066,0025c68c,2009,TRJ150-5000544,8R3,2009.10,2013.5,134
6066,0025c68c,2009,TRJ150-5002537,6V2,2009.10,2013.5,54
1380,-,-,-,-,-,-,-
12105,002d7614,2011,ZVW30-3001009,056,2011.12,2015.9,3481
12105,002d7614,2011,ZVW30-3001000,1C0,2011.12,2015.6,817
12105,002d7614,2011,ZVW30-3001015,202,2011.12,2015.9,316
12105,002d7614,2015,ZVW30-3005594,,2015.9,2015.9,36
12104,002d7614,2011,ZVW30-3001009,056,2011.12,2015.9,3481
12104,002d7614,2011,ZVW30-3001000,1C0,2011.12,2015.6,817
12104,002d7614,2011,ZVW30-3001015,202,2011.12,2015.9,316
12104,002d7614,2015,ZVW30-3005594,,2015.9,2015.9,36
7693,002d7614,2011,ZVW30-3001009,056,2011.12,2015.9,3481
7693,002d7614,2011,ZVW30-3001000,1C0,2011.12,2015.6,817
7693,002d7614,2011,ZVW30-3001015,202,2011.12,2015.9,316
7693,002d7614,2015,ZVW30-3005594,,2015.9,2015.9,36
8495,000cb1ea,2010,GRX132-0001271,202,2010.10,2013.9,5551
8495,000cb1ea,2010,GRX132-0004695,062,2010.10,2013.8,5018
8495,000cb1ea,2010,GRX132-0001586,1F7,2010.10,2013.8,2352
8495,000cb1ea,2010,GRX132-0001956,1H4,2010.10,2013.5,604
8495,000cb1ea,2010,GRX132-0001043,3Q3,2010.11,2013.5,479
8495,000cb1ea,2012,GRX132-0105027,4U3,2012.10,2013.5,396
8495,000cb1ea,2010,GRX132-0001049,8S6,2010.11,2012.7,39
8497,000cb35e,2010,GRX132-0001164,202,2010.10,2013.8,35281
8497,000cb35e,2010,GRX132-0001551,062,2010.10,2013.8,18368
8497,000cb35e,2010,GRX132-0001448,1F7,2010.10,2013.8,9950
8497,000cb35e,2010,GRX132-0001037,3Q3,2010.10,2013.5,6941
8497,000cb35e,2010,GRX132-0001059,1H4,2010.10,2013.5,3847
8497,000cb35e,2012,GRX132-0105016,4U3,2012.10,2013.5,717
8497,000cb35e,2010,GRX132-0001790,8S6,2010.10,2012.8,465
8496,000cb1ea,2010,GRX132-0001458,202,2010.10,2013.5,2775
8496,000cb1ea,2010,GRX132-0001985,062,2010.10,2013.5,2437
8496,000cb1ea,2010,GRX132-0001160,1F7,2010.10,2013.5,1281
8496,000cb1ea,2010,GRX132-0001038,1H4,2010.10,2012.5,1050
8496,000cb1ea,2010,GRX132-0001978,3Q3,2010.10,2012.5,478
8496,000cb1ea,2010,GRX132-0001035,8S6,2010.11,2012.8,87
8496,000cb1ea,2012,GRX132-0105185,4U3,2012.11,2013.3,15
8498,000cb35e,2010,GRX132-0001041,202,2010.10,2013.8,9046
8498,000cb35e,2010,GRX132-0002008,062,2010.10,2013.8,8870
8498,000cb35e,2010,GRX132-0001155,1F7,2010.10,2013.7,4003
8498,000cb35e,2010,GRX132-0003044,3Q3,2010.10,2013.5,1681
8498,000cb35e,2010,GRX132-0001051,1H4,2010.10,2013.5,1673
8498,000cb35e,2010,GRX132-0003194,8S6,2010.10,2013.1,202
8498,000cb35e,2012,GRX132-0104985,4U3,2012.10,2013.5,167
12181,000cb35e,2012,GRX132-0098045,062,2012.10,2013.9,24365
12181,000cb35e,2012,GRX132-0098046,202,2012.10,2013.9,21253
12181,000cb35e,2012,GRX132-0096694,4U3,2012.10,2013.5,5471
12181,000cb35e,2012,GRX132-0098108,1F7,2012.10,2013.8,3749
12181,000cb35e,2012,GRX132-0098054,3Q3,2012.10,2013.6,3148
12181,000cb35e,2012,GRX132-0098062,1H4,2012.10,2013.6,795
12181,000cb35e,2012,GRX132-0103775,8S6,2012.10,2013.1,159
16980,000cb2a4,2013,GRX132-0184291,062,2013.10,2017.9,12177
16980,000cb2a4,2013,GRX132-0184281,202,2013.10,2017.7,6038
16980,000cb2a4,2013,GRX132-0184262,4T3,2013.10,2017.2,780
16980,000cb2a4,2013,GRX132-0184310,3Q3,2013.10,2017.5,673
16980,000cb2a4,2013,GRX132-0184301,1F7,2013.10,2017.5,628
16980,000cb2a4,2013,GRX132-0184311,1H4,2013.10,2017.6,93
16980,000cb2a4,2013,GRX132-0184263,8T7,2013.10,2016.11,61
16972,000cb418,2013,GRX132-0184264,062,2013.10,2017.9,12138
16972,000cb418,2013,GRX132-0184273,202,2013.10,2017.9,8382
16972,000cb418,2013,GRX132-0184187,3Q3,2013.10,2017.8,1121
16972,000cb418,2013,GRX132-0184312,4T3,2013.10,2017.2,658
16972,000cb418,2013,GRX132-0184283,1F7,2013.10,2017.4,572
16972,000cb418,2013,GRX132-0184293,1H4,2013.10,2016.6,87
16972,000cb418,2013,GRX132-0184303,8T7,2013.10,2014.9,58
16981,000cb418,2013,GRX132-0184182,062,2013.10,2017.9,39368
16981,000cb418,2013,GRX132-0184275,202,2013.10,2017.9,19141
16981,000cb418,2013,GRX132-0184327,3Q3,2013.10,2017.9,3334
16981,000cb418,2013,GRX132-0184295,4T3,2013.10,2017.5,2720
16981,000cb418,2013,GRX132-0184285,1F7,2013.10,2017.6,1308
16981,000cb418,2013,GRX132-0184305,8T7,2013.10,2017.2,363
16981,000cb418,2013,GRX132-0184266,1H4,2013.10,2016.9,296
16959,000cb418,2013,GRX132-0184267,202,2013.10,2017.3,1113
16959,000cb418,2013,GRX132-0184277,062,2013.10,2016.5,1001
16959,000cb418,2013,GRX132-0184298,3Q3,2013.10,2015.6,133
16959,000cb418,2013,GRX132-0184307,4T3,2013.10,2015.5,114
16959,000cb418,2013,GRX132-0184287,1F7,2013.10,2014.8,71
16959,000cb418,2013,GRX132-0184313,8T7,2013.10,2014.3,20
16959,000cb418,2013,GRX132-0184297,1H4,2013.10,2016.11,16
16983,000cb418,2013,GRX132-0184272,062,2013.10,2017.3,127
16983,000cb418,2013,GRX132-0184271,3Q3,2013.10,2016.1,77
16983,000cb418,2013,GRX132-0192024,202,2013.10,2016.9,56
16983,000cb418,2013,GRX132-0199260,4T3,2013.11,2015.7,20
16983,000cb418,2013,GRX132-0184261,1F7,2013.11,2016.7,18
16983,000cb418,2013,GRX132-0203182,1H4,2013.11,2016.7,6
16983,000cb418,2013,GRX132-0184171,8T7,2013.9,2016.1,3
5425,000ca878,2009,GRX122-0164956,202,2009.10,2010.8,3361
5425,000ca878,2009,GRX122-0165666,1F7,2009.10,2010.8,1546
5425,000ca878,2009,GRX122-0165671,062,2009.10,2010.7,651
5425,000ca878,2009,GRX122-0166399,3Q3,2009.10,2010.6,186
5425,000ca878,2009,GRX122-0167282,776,2009.10,2010.1,33
5425,000ca878,2009,GRX122-0167871,8P8,2009.10,2010.5,22
8501,000cb076,2010,GRX131-0001015,062,2010.12,2013.2,85
8501,000cb076,2010,GRX131-0001080,202,2010.12,2012.9,57
8501,000cb076,2010,GRX131-0001013,1F7,2010.10,2013.3,30
8501,000cb076,2010,GRX131-0001077,1H4,2010.12,2012.8,25
8501,000cb076,2010,GRX131-0001101,8S6,2010.12,2012.6,6
8501,000cb076,2010,GRX131-0001074,3Q3,2010.12,2011.8,6
8501,000cb076,2012,GRX131-0001329,4U3,2012.6,2013.4,2
2757,001a6b92,2008,NCP90-G001184,9AC,2008.10,2010.8,499
2757,001a6b92,2008,NCP90-G001175,202,2008.10,2010.8,403
2757,001a6b92,2008,NCP90-G001181,1D4,2008.10,2010.8,389
2757,001a6b92,2008,NCP90-G001019,3P0,2008.10,2010.8,365
2757,001a6b92,2008,NCP90-G001015,040,2008.10,2010.7,137
2757,001a6b92,2008,NCP90-G001981,8P8,2008.10,2009.1,28
2757,001a6b92,2008,NCP90-G001982,4R0,2008.10,2009.1,19
2757,001a6b92,2009,NCP90-G005391,8S6,2009.12,2010.5,5
2757,001a6b92,2009,NCP90-G006098,1G3,2009.11,2010.5,4
2757,001a6b92,2009,NCP90-G006138,4T8,2009.11,2010.7,3
3799,002d6900,2008,ZSP91-G001078,9AC,2008.10,2010.8,6333
3799,002d6900,2008,ZSP91-G001630,202,2008.10,2010.8,2609
3799,002d6900,2008,ZSP91-G001741,1D4,2008.10,2010.8,2461
3799,002d6900,2008,ZSP91-G001620,3P0,2008.10,2010.8,2081
3799,002d6900,2008,ZSP91-G006327,040,2008.10,2010.8,1035
3799,002d6900,2008,ZSP91-G006363,8P8,2008.10,2009.1,224
3799,002d6900,2009,ZSP91-G021212,1G3,2009.10,2010.8,196
3799,002d6900,2008,ZSP91-G006354,4R0,2008.10,2009.1,133
3799,002d6900,2009,ZSP91-G022399,8S6,2009.10,2010.8,131
3799,002d6900,2009,ZSP91-G025523,4T8,2009.10,2010.7,44
3805,002d6be8,2008,ZSP91-G001074,9AC,2008.10,2010.3,2056
3805,002d6be8,2008,ZSP91-G001063,202,2008.10,2010.1,1449
3805,002d6be8,2008,ZSP91-G001657,1D4,2008.10,2010.2,693
3805,002d6be8,2008,ZSP91-G001064,3P0,2008.10,2010.1,597
3805,002d6be8,2008,ZSP91-G001649,040,2008.10,2010.1,217
3805,002d6be8,2008,ZSP91-G001736,8P8,2008.10,2008.9,174
3805,002d6be8,2008,ZSP91-G001740,4R0,2008.10,2008.9,61
3805,002d6be8,2009,ZSP91-G025027,1G3,2009.11,2010.1,4
3805,002d6be8,2009,ZSP91-G031840,8S6,2009.12,2010.2,3
8479,002d6900,2010,ZSP91-G047289,9AC,2010.10,2012.6,3643
8479,002d6900,2010,ZSP91-G047390,040,2010.10,2012.6,1469
8479,002d6900,2010,ZSP91-G047298,3P0,2010.10,2012.6,1346
8479,002d6900,2010,ZSP91-G047826,5A6,2010.10,2012.6,1330
8479,002d6900,2010,ZSP91-G047333,1D4,2010.10,2012.6,1200
8479,002d6900,2010,ZSP91-G047278,202,2010.10,2012.6,816
8479,002d6900,2010,ZSP91-G047516,1G3,2010.10,2012.6,371
8480,002d6900,2010,ZSP91-G047281,9AC,2010.10,2013.1,340
8480,002d6900,2010,ZSP91-G048113,5A6,2010.10,2012.9,205
8480,002d6900,2010,ZSP91-G047376,1D4,2010.10,2012.9,142
8480,002d6900,2010,ZSP91-G047415,040,2010.10,2013.1,111
8480,002d6900,2010,ZSP91-G047624,3P0,2010.10,2012.8,96
8480,002d6900,2010,ZSP91-G047956,202,2010.10,2011.9,62
8480,002d6900,2010,ZSP91-G047512,1G3,2010.10,2012.3,41
8477,002d6900,2010,ZSP91-G047277,9AC,2010.10,2013.8,14874
8477,002d6900,2010,ZSP91-G047292,040,2010.10,2013.8,8876
8477,002d6900,2010,ZSP91-G047290,3P0,2010.10,2013.8,5215
8477,002d6900,2010,ZSP91-G047326,1D4,2010.10,2013.8,4818
8477,002d6900,2010,ZSP91-G047279,5A6,2010.10,2013.8,4671
8477,002d6900,2010,ZSP91-G047287,202,2010.10,2013.8,1845
8477,002d6900,2010,ZSP91-G047354,1G3,2010.10,2013.8,1044
8477,002d6900,2012,ZSP91-G089592,8W1,2012.10,2013.8,116
27871,001bc624,2016,NRE181-0500013,040,2016.10,2017.3,2581
27871,001bc624,2016,NRE181-0500078,209,2016.10,2017.3,313
27871,001bc624,2016,NRE181-0500047,070,2016.10,2017.3,248
27871,001bc624,2016,NRE181-0500085,1F7,2016.10,2017.3,210
27871,001bc624,2016,NRE181-0500004,4V8,2016.10,2017.3,154
27871,001bc624,2016,NRE181-0513867,3R3,2016.11,2017.2,8
27871,001bc624,2016,NRE181-0504491,1G3,2016.11,2016.11,1
3088,002ad602,2007,ZRE151-0003164,1F7,2007.10,2010.9,54284
3088,002ad602,2007,ZRE151-0003160,209,2007.10,2010.9,24389
3088,002ad602,2007,ZRE151-0003169,040,2007.10,2010.9,15192
3088,002ad602,2007,ZRE151-0003801,3R3,2007.10,2010.9,7047
3088,002ad602,2007,ZRE151-0003060,4Q2,2007.10,2010.7,1960
3088,002ad602,2007,ZRE151-0003781,8S6,2007.10,2010.8,1063
8628,002ad6bc,2010,ZRE151-0218224,1F7,2010.10,2014.4,78686
8628,002ad6bc,2010,ZRE151-0218349,209,2010.10,2014.4,35197
8628,002ad6bc,2010,ZRE151-0218158,040,2010.10,2014.4,32390
8628,002ad6bc,2010,ZRE151-0218379,3R3,2010.10,2014.4,10065
8628,002ad6bc,2010,ZRE151-0218307,1G3,2010.10,2014.4,9602
8628,002ad6bc,2012,ZRE151-0379140,4U3,2012.10,2014.4,4178
8628,002ad6bc,2010,ZRE151-0218711,8S6,2010.10,2013.1,571
12175,002ad6bc,2012,ZRE151-0379143,1F7,2012.10,2013.2,9549
12175,002ad6bc,2012,ZRE151-0379184,040,2012.10,2013.3,8931
12175,002ad6bc,2012,ZRE151-0379131,209,2012.10,2013.2,6516
12175,002ad6bc,2012,ZRE151-0379149,4U3,2012.10,2013.2,3061
12175,002ad6bc,2012,ZRE151-0379319,3R3,2012.10,2013.2,2272
12175,002ad6bc,2012,ZRE151-0379356,1G3,2012.10,2013.2,945
12175,002ad6bc,2012,ZRE151-0379985,8S6,2012.10,2012.9,50
15381,002ad6bc,2013,ZRE151-0461922,040,2013.10,2014.4,10260
15381,002ad6bc,2013,ZRE151-0461987,1F7,2013.10,2014.4,8752
15381,002ad6bc,2013,ZRE151-0461950,209,2013.10,2014.4,6149
15381,002ad6bc,2013,ZRE151-0461932,4U3,2013.10,2014.4,1356
15381,002ad6bc,2013,ZRE151-0461976,3R3,2013.10,2014.4,1297
15381,002ad6bc,2013,ZRE151-0461968,1G3,2013.10,2014.3,383
15153,002ad6bc,2013,ZRE151-0461093,040,2013.10,2014.4,16592
15153,002ad6bc,2013,ZRE151-0461933,1F7,2013.10,2014.4,11490
15153,002ad6bc,2013,ZRE151-0461915,209,2013.10,2014.4,7729
15153,002ad6bc,2013,ZRE151-0462035,3R3,2013.10,2014.4,2379
15153,002ad6bc,2013,ZRE151-0461929,4U3,2013.10,2014.4,2210
15153,002ad6bc,2013,ZRE151-0462074,1G3,2013.10,2014.4,524
8627,002ad3d4,2010,ZRE151-0218183,1F7,2010.10,2014.4,28424
8627,002ad3d4,2010,ZRE151-0218320,209,2010.10,2014.4,26014
8627,002ad3d4,2010,ZRE151-0218147,040,2010.10,2014.4,10392
8627,002ad3d4,2010,ZRE151-0218297,1G3,2010.10,2014.3,3669
8627,002ad3d4,2010,ZRE151-0218378,3R3,2010.10,2014.3,664
8627,002ad3d4,2012,ZRE151-0379487,4U3,2012.10,2014.3,650
8627,002ad3d4,2010,ZRE151-0220111,8S6,2010.10,2012.9,101
15380,002ad3d4,2013,ZRE151-0461962,209,2013.10,2014.4,4022
15380,002ad3d4,2013,ZRE151-0461092,1F7,2013.10,2014.4,3421
15380,002ad3d4,2013,ZRE151-0461940,040,2013.10,2014.4,3220
15380,002ad3d4,2013,ZRE151-0462194,4U3,2013.10,2014.3,240
15380,002ad3d4,2013,ZRE151-0462827,1G3,2013.10,2014.3,124
15380,002ad3d4,2013,ZRE151-0465447,3R3,2013.10,2014.3,40
15270,002ad3d4,2013,ZRE151-0461918,040,2013.10,2014.4,2763
15270,002ad3d4,2013,ZRE151-0462026,209,2013.10,2014.4,2753
15270,002ad3d4,2013,ZRE151-0461952,1F7,2013.10,2014.4,2575
15270,002ad3d4,2013,ZRE151-0462276,4U3,2013.10,2014.4,293
15270,002ad3d4,2013,ZRE151-0462480,1G3,2013.10,2014.3,119
15270,002ad3d4,2013,ZRE151-0462710,3R3,2013.10,2014.3,57
18889,002c6e56,2014,ZRE181-0400034,040,2014.10,2018.9,19800
18889,002c6e56,2014,ZRE181-0400070,1F7,2014.10,2018.9,8303
18889,002c6e56,2014,ZRE181-0400063,209,2014.10,2018.9,5861
18889,002c6e56,2014,ZRE181-0400346,4V8,2014.10,2018.9,1838
18889,002c6e56,2014,ZRE181-0401435,3R3,2014.10,2018.9,407
18889,002c6e56,2014,ZRE181-0400025,1G3,2014.10,2016.8,215
18889,002c6e56,2016,ZRE181-0691111,070,2016.11,2018.8,150
18889,002c6e56,2014,ZRE181-0402425,8T7,2014.10,2016.4,10
18891,002c6ce2,2014,ZRE181-0400026,040,2014.10,2016.9,5644
18891,002c6ce2,2014,ZRE181-0400067,1F7,2014.10,2016.8,1859
18891,002c6ce2,2014,ZRE181-0400051,209,2014.10,2016.8,1775
18891,002c6ce2,2014,ZRE181-0400639,4V8,2014.10,2016.8,616
18891,002c6ce2,2014,ZRE181-0400022,1G3,2014.10,2016.6,90
18891,002c6ce2,2014,ZRE181-0403633,3R3,2014.10,2016.8,80
18891,002c6ce2,2014,ZRE181-0423118,8T7,2014.12,2016.6,4
18890,002c793c,2014,ZRE181-0005013,040,2014.10,2018.9,243372
18890,002c793c,2014,ZRE181-0005306,1F7,2014.10,2018.9,67264
18890,002c793c,2014,ZRE181-0400044,4V8,2014.10,2018.9,42119
18890,002c793c,2014,ZRE181-0005341,209,2014.10,2018.9,28515
18890,002c793c,2014,ZRE181-0400064,3R3,2014.10,2018.9,9534
18890,002c793c,2016,ZRE181-0291424,070,2016.11,2018.9,3122
18890,002c793c,2014,ZRE181-0400050,1G3,2014.10,2016.9,2738
18890,002c793c,2014,ZRE181-0400306,8T7,2014.10,2016.8,406
18892,002c736c,2014,ZRE181-0005014,040,2014.10,2016.9,84196
18892,002c736c,2014,ZRE181-0005033,1F7,2014.10,2016.9,20191
18892,002c736c,2014,ZRE181-0005310,209,2014.10,2016.8,11485
18892,002c736c,2014,ZRE181-0400143,4V8,2014.10,2016.9,11435
18892,002c736c,2014,ZRE181-0400032,3R3,2014.10,2016.8,4767
18892,002c736c,2014,ZRE181-0400202,1G3,2014.10,2016.8,995
18892,002c736c,2014,ZRE181-0400245,8T7,2014.10,2016.8,209
18894,002c736c,2014,ZRE181-0005002,040,2014.10,2016.9,55461
18894,002c736c,2014,ZRE181-0005020,1F7,2014.10,2016.9,13311
18894,002c736c,2014,ZRE181-0400014,4V8,2014.10,2016.9,7933
18894,002c736c,2014,ZRE181-0005320,209,2014.10,2016.8,6735
18894,002c736c,2014,ZRE181-0400033,3R3,2014.10,2016.9,3543
18894,002c736c,2014,ZRE181-0400005,1G3,2014.10,2016.8,553
18894,002c736c,2014,ZRE181-0400868,8T7,2014.10,2016.7,132
18897,002c7426,2014,ZRE181-0005003,040,2014.10,2016.8,1063
18897,002c7426,2014,ZRE181-0005001,1F7,2014.10,2016.8,337
18897,002c7426,2014,ZRE181-0005330,209,2014.10,2016.6,173
18897,002c7426,2014,ZRE181-0400004,4V8,2014.10,2016.8,142
18897,002c7426,2014,ZRE181-0400019,3R3,2014.10,2016.7,92
18897,002c7426,2014,ZRE181-0400008,1G3,2014.10,2016.6,23
18897,002c7426,2014,ZRE181-0400003,8T7,2014.10,2015.5,6
2965,002b4016,2007,ZRE152-0003003,1F7,2007.10,2010.5,2930
2965,002b4016,2007,ZRE152-0003001,209,2007.10,2010.6,1558
2965,002b4016,2007,ZRE152-0003471,040,2007.10,2010.6,915
2965,002b4016,2007,ZRE152-0006342,3R3,2007.10,2010.6,305
2965,002b4016,2007,ZRE152-0004759,4Q2,2007.10,2010.5,150
2965,002b4016,2007,ZRE152-0006320,8S6,2007.10,2009.3,116
3075,002b30d4,2007,ZRE152-0003347,1F7,2007.10,2010.8,9176
3075,002b30d4,2007,ZRE152-0003318,209,2007.10,2010.8,6517
3075,002b30d4,2007,ZRE152-0003143,040,2007.10,2010.8,2957
3075,002b30d4,2007,ZRE152-0004357,3R3,2007.10,2010.6,555
3075,002b30d4,2007,ZRE152-0004735,8S6,2007.10,2010.6,299
3075,002b30d4,2007,ZRE152-0005614,4Q2,2007.10,2010.7,234
4113,002b2dec,2008,ZRE152-0087602,1F7,2008.10,2010.9,23460
4113,002b2dec,2008,ZRE152-0088061,209,2008.10,2010.9,18756
4113,002b2dec,2008,ZRE152-0088065,040,2008.10,2010.9,6305
4113,002b2dec,2008,ZRE152-0087810,3R3,2008.10,2010.8,759
4113,002b2dec,2008,ZRE152-0088071,4Q2,2008.10,2010.7,355
4113,002b2dec,2008,ZRE152-0088561,8S6,2008.10,2010.8,297
12176,002b2ea6,2012,ZRE152-0360638,1F7,2012.10,2014.4,1336
12176,002b2ea6,2012,ZRE152-0360827,209,2012.10,2014.4,1269
12176,002b2ea6,2012,ZRE152-0360555,040,2012.10,2014.4,867
12176,002b2ea6,2012,ZRE152-0360595,4U3,2012.10,2014.3,174
12176,002b2ea6,2012,ZRE152-0361151,1G3,2012.10,2014.1,82
12176,002b2ea6,2012,ZRE152-0361792,3R3,2012.10,2014.3,27
12176,002b2ea6,2013,ZRE152-3506596,,2013.1,2013.1,1
18898,002c99ee,2014,ZRE182-0400004,040,2014.10,2016.8,326
18898,002c99ee,2014,ZRE182-0400005,1F7,2014.10,2016.8,200
18898,002c99ee,2014,ZRE182-0400076,209,2014.10,2016.7,132
18898,002c99ee,2014,ZRE182-0400001,4V8,2014.10,2016.5,89
18898,002c99ee,2014,ZRE182-0402806,3R3,2014.11,2016.1,8
18898,002c99ee,2014,ZRE182-0400009,1G3,2014.12,2015.6,6
18898,002c99ee,2014,ZRE182-0402218,8T7,2014.11,2016.4,5
8607,002b452c,2010,ZRE152-0288326,1F7,2010.10,2014.4,28897
8607,002b452c,2010,ZRE152-0288440,209,2010.10,2014.4,15957
8607,002b452c,2010,ZRE152-0288305,040,2010.10,2014.4,12450
8607,002b452c,2010,ZRE152-0288427,1G3,2010.10,2014.3,4985
8607,002b452c,2010,ZRE152-0288489,3R3,2010.10,2014.2,4330
8607,002b452c,2012,ZRE152-0360557,4U3,2012.10,2014.3,766
8607,002b452c,2010,ZRE152-0288502,8S6,2010.10,2012.9,256
12177,002b452c,2012,ZRE152-0360580,1F7,2012.10,2014.4,14111
12177,002b452c,2012,ZRE152-0360575,040,2012.10,2014.4,12966
12177,002b452c,2012,ZRE152-0360562,209,2012.10,2014.4,7668
12177,002b452c,2012,ZRE152-0359844,4U3,2012.10,2014.4,2899
12177,002b452c,2012,ZRE152-0360664,3R3,2012.10,2014.4,1631
12177,002b452c,2012,ZRE152-0360660,1G3,2012.10,2014.4,1066
12177,002b452c,2012,ZRE152-0361119,8S6,2012.10,2012.8,29
15154,002b452c,2012,ZRE152-0360580,1F7,2012.10,2014.4,14111
15154,002b452c,2012,ZRE152-0360575,040,2012.10,2014.4,12966
15154,002b452c,2012,ZRE152-0360562,209,2012.10,2014.4,7668
15154,002b452c,2012,ZRE152-0359844,4U3,2012.10,2014.4,2899
15154,002b452c,2012,ZRE152-0360664,3R3,2012.10,2014.4,1631
15154,002b452c,2012,ZRE152-0360660,1G3,2012.10,2014.4,1066
15154,002b452c,2012,ZRE152-0361119,8S6,2012.10,2012.8,29
18899,002ca360,2014,ZRE182-0400006,040,2014.10,2016.8,5934
18899,002ca360,2014,ZRE182-0400010,1F7,2014.10,2016.7,3281
18899,002ca360,2014,ZRE182-0400032,4V8,2014.10,2016.8,1333
18899,002ca360,2014,ZRE182-0400015,209,2014.10,2016.6,1271
18899,002ca360,2014,ZRE182-0400059,3R3,2014.10,2016.4,332
18899,002ca360,2014,ZRE182-0400003,1G3,2014.10,2016.4,161
18899,002ca360,2014,ZRE182-0400256,8T7,2014.10,2015.9,23
18900,002ca930,2014,ZRE182-0400002,040,2014.10,2016.8,1230
18900,002ca930,2014,ZRE182-0400008,1F7,2014.10,2016.8,827
18900,002ca930,2016,ZRE182-0004023,4V8,2014.10,2016.8,281
18900,002ca930,2014,ZRE182-0400509,209,2014.10,2016.6,217
18900,002ca930,2014,ZRE182-0400020,3R3,2014.10,2016.7,147
18900,002ca930,2016,ZRE182-0004024,1G3,2014.10,2016.6,83
18900,002ca930,2014,ZRE182-0400127,8T7,2014.10,2016.5,16
24018,002d926a,2015,ZWE182-0003040,040,2015.11,2017.2,516
24018,002d926a,2015,ZWE182-0003007,784,2015.11,2017.2,289
24018,002d926a,2015,ZWE182-0003012,1F7,2015.11,2017.2,155
24018,002d926a,2015,ZWE182-0004320,4V8,2015.12,2017.2,67
24018,002d926a,2015,ZWE182-0004563,209,2015.12,2017.2,36
24018,002d926a,2015,ZWE182-0003381,3R3,2015.11,2017.2,26
24018,002d926a,2015,ZWE182-0004843,8T7,2015.12,2016.6,7
24018,002d926a,2017,ZWE182-0051462,070,2017.1,2017.1,1
16749,002d1572,2013,ZSA42-3001014,040,2013.10,2014.9,3633
16749,002d1572,2013,ZSA42-3001030,209,2013.10,2014.9,761
16749,002d1572,2013,ZSA42-3001039,1F7,2013.10,2014.9,411
16749,002d1572,2013,ZSA42-3001028,4U3,2013.10,2014.9,303
16749,002d1572,2013,ZSA42-3001085,4V8,2013.10,2014.9,303
16749,002d1572,2013,ZSA42-3001061,4R8,2013.10,2014.9,128
16749,002d1572,2013,ZSA42-3001143,3R3,2013.10,2014.9,35
16749,002d1572,2014,ZSA42-3048698,070,2014.10,2014.10,5
16748,002d26e2,2013,ZSA42-3001012,040,2013.10,2014.9,21667
16748,002d26e2,2013,ZSA42-3001011,209,2013.10,2014.9,5784
16748,002d26e2,2013,ZSA42-3001017,4U3,2013.10,2014.9,4881
16748,002d26e2,2013,ZSA42-3001013,4V8,2013.10,2014.9,3521
16748,002d26e2,2013,ZSA42-3001035,1F7,2013.10,2014.9,3015
16748,002d26e2,2013,ZSA42-3001018,4R8,2013.10,2014.9,2403
16748,002d26e2,2013,ZSA42-3001016,3R3,2013.10,2014.9,811
16748,002d26e2,2014,ZSA42-3048688,070,2014.10,2014.10,34
21138,002d26e2,2014,ZSA42-3048824,070,2014.11,2016.7,9459
21138,002d26e2,2014,ZSA42-3048822,4U3,2014.11,2016.7,1520
21138,002d26e2,2014,ZSA42-3048948,4V8,2014.11,2016.7,1284
21138,002d26e2,2014,ZSA42-3048887,209,2014.11,2016.7,1270
21138,002d26e2,2014,ZSA42-3048843,1F7,2014.11,2016.4,470
21138,002d26e2,2014,ZSA42-3048850,4R8,2014.11,2016.6,149
21138,002d26e2,2014,ZSA42-3048902,3R3,2014.11,2016.4,78
21139,002d1e2a,2014,ZSA42-3048691,070,2014.10,2016.7,82732
21139,002d1e2a,2014,ZSA42-3048693,4U3,2014.10,2016.7,12335
21139,002d1e2a,2014,ZSA42-3048684,4V8,2014.10,2016.7,10249
21139,002d1e2a,2014,ZSA42-3048687,209,2014.10,2016.7,10045
21139,002d1e2a,2014,ZSA42-3048690,1F7,2014.10,2016.4,1599
21139,002d1e2a,2014,ZSA42-3048682,4R8,2014.10,2016.7,892
21139,002d1e2a,2014,ZSA42-3048683,3R3,2014.10,2016.4,812
16747,002d5106,2013,ZSA44-3001013,040,2013.10,2014.9,11930
16747,002d5106,2013,ZSA44-3001036,209,2013.10,2014.9,2091
16747,002d5106,2013,ZSA44-3001029,4U3,2013.10,2014.9,1701
16747,002d5106,2013,ZSA44-3001063,4R8,2013.10,2014.9,1449
16747,002d5106,2013,ZSA44-3001103,4V8,2013.10,2014.9,1396
16747,002d5106,2013,ZSA44-3001025,1F7,2013.10,2014.9,1140
16747,002d5106,2013,ZSA44-3001137,3R3,2013.10,2014.9,455
16747,002d5106,2014,ZSA44-3062447,070,2014.10,2014.10,32
16746,002d4e1e,2013,ZSA44-3001012,040,2013.10,2014.9,24255
16746,002d4e1e,2013,ZSA44-3001032,4U3,2013.10,2014.9,4346
16746,002d4e1e,2013,ZSA44-3001023,209,2013.10,2014.9,4088
16746,002d4e1e,2013,ZSA44-3001057,4V8,2013.10,2014.9,3138
16746,002d4e1e,2013,ZSA44-3001028,4R8,2013.10,2014.9,2678
16746,002d4e1e,2013,ZSA44-3001021,1F7,2013.10,2014.9,1751
16746,002d4e1e,2013,ZSA44-3001101,3R3,2013.10,2014.9,1006
16746,002d4e1e,2014,ZSA44-3062445,070,2014.10,2014.10,76
21141,002d4e1e,2014,ZSA44-3062559,070,2014.11,2016.7,14795
21141,002d4e1e,2014,ZSA44-3062611,4U3,2014.11,2016.7,2063
21141,002d4e1e,2014,ZSA44-3062442,4V8,2014.11,2016.7,1324
21141,002d4e1e,2014,ZSA44-3062609,209,2014.11,2016.7,1015
21141,002d4e1e,2014,ZSA44-3062600,1F7,2014.11,2016.4,200
21141,002d4e1e,2014,ZSA44-3062790,4R8,2014.11,2016.6,158
21141,002d4e1e,2014,ZSA44-3063175,3R3,2014.11,2016.4,157
5095,00004164,2009,ACA37-0002009,1F7,2009.10,2011.8,15256
5095,00004164,2009,ACA37-0002020,040,2009.10,2011.8,13102
5095,00004164,2009,ACA37-0013477,209,2009.10,2011.8,7806
5095,00004164,2009,ACA37-0002058,3R3,2009.10,2011.8,2318
5095,00004164,2009,ACA37-0002165,8S6,2009.10,2011.7,848
5095,00004164,2009,ACA37-0002005,4T8,2009.10,2011.1,584
5095,00004164,2011,ACA37-0080478,1G3,2011.3,2011.8,329
10669,0000421e,2011,ACA37-0100090,040,2011.10,2013.7,20560
10669,0000421e,2011,ACA37-0100089,1F7,2011.10,2013.7,10242
10669,0000421e,2011,ACA37-0100099,209,2011.10,2013.7,8271
10669,0000421e,2011,ACA37-0100229,4U3,2011.10,2013.7,5884
10669,0000421e,2011,ACA37-0100214,1G3,2011.10,2013.6,1047
10669,0000421e,2011,ACA37-0100226,3R3,2011.10,2013.6,862
15155,0000421e,2013,ACA37-0176505,040,2013.3,2013.7,5262
15155,0000421e,2013,ACA37-0176519,1F7,2013.3,2013.7,1566
15155,0000421e,2013,ACA37-0176512,209,2013.3,2013.7,1482
15155,0000421e,2013,ACA37-0176532,4U3,2013.3,2013.7,1378
15155,0000421e,2013,ACA37-0176545,3R3,2013.3,2013.6,198
15155,0000421e,2013,ACA37-0176590,1G3,2013.3,2013.6,72
10673,0000421e,2011,ACA37-0100088,040,2011.10,2013.7,16476
10673,0000421e,2011,ACA37-0100094,1F7,2011.10,2013.7,6409
10673,0000421e,2011,ACA37-0100091,209,2011.10,2013.7,5649
10673,0000421e,2011,ACA37-0100191,4U3,2011.10,2013.7,5199
10673,0000421e,2011,ACA37-0100155,3R3,2011.10,2013.6,1230
10673,0000421e,2011,ACA37-0100100,1G3,2011.10,2013.6,826
10668,00003dc2,2011,ACA37-0100093,040,2011.10,2013.7,5730
10668,00003dc2,2011,ACA37-0100181,1F7,2011.10,2013.7,2708
10668,00003dc2,2011,ACA37-0100193,209,2011.10,2013.6,2219
10668,00003dc2,2011,ACA37-0101658,4U3,2011.10,2013.6,776
10668,00003dc2,2011,ACA37-0100861,1G3,2011.10,2013.6,173
10668,00003dc2,2011,ACA37-0100610,3R3,2011.10,2012.9,36
5099,00002f3a,2009,ACA33-0002006,1F7,2009.10,2011.8,40438
5099,00002f3a,2009,ACA33-0002004,040,2009.10,2011.8,32760
5099,00002f3a,2009,ACA33-0027048,209,2009.10,2011.8,16978
5099,00002f3a,2009,ACA33-0002014,3R3,2009.10,2011.8,4986
5099,00002f3a,2009,ACA33-0002059,8S6,2009.10,2011.7,2807
5099,00002f3a,2009,ACA33-0002002,4T8,2009.10,2011.1,1478
5099,00002f3a,2011,ACA33-0104769,1G3,2011.3,2011.8,887
10675,00002ff4,2011,ACA33-0121487,040,2011.10,2013.7,14476
10675,00002ff4,2011,ACA33-0121481,1F7,2011.10,2013.6,6738
10675,00002ff4,2011,ACA33-0121505,209,2011.10,2013.6,4737
10675,00002ff4,2011,ACA33-0121581,4U3,2011.10,2013.6,4174
10675,00002ff4,2011,ACA33-0121502,1G3,2011.10,2013.6,984
10675,00002ff4,2011,ACA33-0121484,3R3,2011.10,2013.6,961
12180,00002ff4,2012,ACA33-0148788,040,2012.10,2013.2,4470
12180,00002ff4,2012,ACA33-0148145,4U3,2012.10,2013.2,2009
12180,00002ff4,2012,ACA33-0148589,1F7,2012.10,2013.2,1500
12180,00002ff4,2012,ACA33-0148606,209,2012.10,2013.2,1299
12180,00002ff4,2012,ACA33-0148622,3R3,2012.10,2013.2,284
12180,00002ff4,2012,ACA33-0148723,1G3,2012.11,2013.1,141
15157,00002ff4,2011,ACA33-0121479,040,2011.10,2013.7,4525
15157,00002ff4,2011,ACA33-0121519,1F7,2011.10,2013.7,1117
15157,00002ff4,2011,ACA33-0122022,4U3,2011.10,2013.7,893
15157,00002ff4,2011,ACA33-0121617,209,2011.10,2013.6,781
15157,00002ff4,2011,ACA33-0121969,3R3,2011.10,2013.6,153
15157,00002ff4,2011,ACA33-0121791,1G3,2011.10,2013.6,99
16745,00030684,2013,ASA44-3001024,040,2013.10,2014.9,26920
16745,00030684,2014,ASA44-3064296,070,2014.10,2016.6,19919
16745,00030684,2013,ASA44-3001021,4U3,2013.10,2016.6,7577
16745,00030684,2013,ASA44-3001134,4V8,2013.10,2016.6,6275
16745,00030684,2016,ASA44-3000029,209,2013.10,2016.6,5756
16745,00030684,2013,ASA44-3001028,4R8,2013.10,2016.6,3742
16745,00030684,2013,ASA44-3001049,1F7,2013.10,2016.4,2051
16745,00030684,2013,ASA44-3001189,3R3,2013.10,2016.4,969
16744,0003016e,2013,ASA44-3001034,040,2013.10,2014.9,6213
16744,0003016e,2013,ASA44-3001063,4U3,2013.10,2014.9,1412
16744,0003016e,2013,ASA44-3001073,4R8,2013.10,2014.9,1352
16744,0003016e,2013,ASA44-3001160,4V8,2013.10,2014.9,1109
16744,0003016e,2013,ASA44-3001051,209,2013.10,2014.9,981
16744,0003016e,2013,ASA44-3001023,1F7,2013.10,2014.9,409
16744,0003016e,2013,ASA44-3001256,3R3,2013.10,2014.9,189
15767,000307f8,2013,ASA44-3001044,040,2013.10,2014.9,2498
15767,000307f8,2013,ASA44-3001025,4R8,2013.10,2016.3,1491
15767,000307f8,2013,ASA44-3001026,4U3,2013.10,2016.4,710
15767,000307f8,2013,ASA44-3001061,4V8,2013.10,2016.2,572
15767,000307f8,2013,ASA44-3001822,209,2013.10,2016.4,408
15767,000307f8,2013,ASA44-3001022,3R3,2013.10,2016.4,268
15767,000307f8,2016,ASA44-3000030,070,2014.10,2016.5,190
15767,000307f8,2013,ASA44-3001212,1F7,2013.10,2016.2,178
21143,0003016e,2014,ASA44-3064306,070,2014.10,2016.5,1192
21143,0003016e,2014,ASA44-3063850,4U3,2014.10,2016.5,240
21143,0003016e,2014,ASA44-3064326,4V8,2014.10,2016.5,200
21143,0003016e,2014,ASA44-3064297,209,2014.10,2016.5,87
21143,0003016e,2014,ASA44-3064328,4R8,2014.10,2016.5,45
21143,0003016e,2014,ASA44-3063731,1F7,2014.10,2015.9,28
21143,0003016e,2014,ASA44-3064305,3R3,2014.10,2016.4,15
27122,000307f8,2016,ASA44-3094687,070,2016.10,2018.9,980
27122,000307f8,2016,ASA44-3095523,4V8,2016.10,2018.9,82
27122,000307f8,2016,ASA44-3095573,209,2016.10,2018.6,49
27122,000307f8,2016,ASA44-3094685,3T0,2016.10,2018.8,47
27122,000307f8,2016,ASA44-3000031,8X7,2016.10,2018.3,39
27122,000307f8,2016,ASA44-3094695,4U3,2016.10,2018.3,32
27122,000307f8,2016,ASA44-3097384,4R8,2016.9,2017.8,2
22040,0003415e,2015,ASU50-G004481,218,2015.10,2018.2,11072
22040,0003415e,2015,ASU50-G004545,1D4,2015.10,2018.2,597
22042,00033fea,2015,ASU50-G002004,218,2015.10,2017.3,8860
22042,00033fea,2015,ASU50-G002009,070,2015.10,2017.3,5682
22042,00033fea,2015,ASU50-G002326,3T0,2015.10,2017.3,1106
22042,00033fea,2015,ASU50-G002330,1G3,2015.10,2017.3,156
22042,00033fea,2015,ASU50-G002003,1D4,2015.10,2017.3,112
22045,00034446,2015,ASU55-G002007,070,2015.10,2017.3,58809
22045,00034446,2015,ASU55-G002010,218,2015.10,2017.3,54091
22045,00034446,2015,ASU55-G002003,3T0,2015.10,2017.3,6647
22045,00034446,2015,ASU55-G002001,1G3,2015.10,2017.3,925
22045,00034446,2015,ASU55-G002029,1D4,2015.10,2017.3,477
22047,000342d2,2015,ASU55-G002005,070,2015.10,2017.3,6772
22047,000342d2,2015,ASU55-G002002,218,2015.10,2017.3,5164
22047,000342d2,2015,ASU55-G002341,3T0,2015.10,2017.3,1371
22047,000342d2,2015,ASU55-G002187,1G3,2015.10,2017.3,314
22047,000342d2,2015,ASU55-G002513,1D4,2015.10,2017.3,142
30497,000342d2,2017,ASU55-G159064,070,2017.10,2018.2,1628
30497,000342d2,2017,ASU55-G159036,218,2017.10,2018.2,1084
30497,000342d2,2017,ASU55-G159390,3T0,2017.10,2018.2,174
30497,000342d2,2017,ASU55-G162578,1G3,2017.10,2018.1,90
30497,000342d2,2017,ASU55-G160816,1D4,2017.10,2018.2,47
13034,00033732,2012,ASU40-G400508,202,2012.10,2015.2,51371
13034,00033732,2012,ASU40-G400514,070,2012.10,2015.2,28628
13034,00033732,2012,ASU40-G400845,1D4,2012.10,2014.9,414
13034,00033732,2012,ASU40-G403590,1G3,2012.10,2014.8,328
13034,00033732,2012,ASU40-G400506,4T8,2012.10,2014.9,77
13034,00033732,2013,ASU40-G503490,3R3,2013.10,2014.9,54
13034,00033732,2012,ASU40-G404588,6V2,2012.12,2014.8,21
13034,00033732,2012,ASU40-G402359,8S6,2012.10,2013.5,8
13506,00033732,2012,ASU40-G400502,202,2012.10,2015.2,9681
13506,00033732,2012,ASU40-G400553,070,2012.10,2015.1,3340
13506,00033732,2012,ASU40-G401106,1D4,2012.10,2014.9,240
13506,00033732,2012,ASU40-G403676,1G3,2012.10,2014.9,208
13506,00033732,2012,ASU40-G401133,4T8,2012.10,2014.9,24
13506,00033732,2013,ASU40-G506779,3R3,2013.10,2014.9,12
13506,00033732,2012,ASU40-G414867,8S6,2012.11,2013.7,3
13506,00033732,2012,ASU40-G427867,6V2,2012.10,2012.10,2
13035,00033a1a,2012,ASU40-G400501,202,2012.10,2015.1,8444
13035,00033a1a,2012,ASU40-G400524,070,2012.10,2015.1,4453
13035,00033a1a,2012,ASU40-G400510,1D4,2012.10,2014.9,143
13035,00033a1a,2012,ASU40-G400810,1G3,2012.10,2014.9,120
13035,00033a1a,2012,ASU40-G419742,4T8,2012.10,2014.5,20
13035,00033a1a,2013,ASU40-G509511,3R3,2013.10,2014.9,7
13035,00033a1a,2012,ASU40-G428144,8S6,2012.10,2013.6,4
13036,00033a1a,2012,ASU40-G400507,202,2012.10,2015.1,66008
13036,00033a1a,2012,ASU40-G400516,070,2012.10,2015.1,28870
13036,00033a1a,2012,ASU40-G400533,1G3,2012.10,2014.9,1852
13036,00033a1a,2012,ASU40-G400505,1D4,2012.10,2014.9,1166
13036,00033a1a,2012,ASU40-G400559,4T8,2012.10,2014.9,226
13036,00033a1a,2013,ASU40-G503632,3R3,2013.10,2014.9,124
13036,00033a1a,2012,ASU40-G400974,8S6,2012.10,2013.8,83
13036,00033a1a,2012,ASU40-G427618,6V2,2012.10,2014.8,13
12989,0003344a,2012,ASU40-G400511,202,2012.10,2014.9,2911
12989,0003344a,2012,ASU40-G400503,070,2012.10,2014.9,1686
12989,0003344a,2012,ASU40-G400867,1D4,2012.10,2014.8,77
12989,0003344a,2012,ASU40-G400731,1G3,2012.10,2014.5,57
12989,0003344a,2012,ASU40-G419328,4T8,2012.12,2013.7,6
12989,0003344a,2012,ASU40-G409338,8S6,2012.7,2013.8,4
12989,0003344a,2013,ASU40-G515244,3R3,2013.11,2013.11,1
16364,00033732,2012,ASU40-G400508,202,2012.10,2015.2,51371
16364,00033732,2012,ASU40-G400514,070,2012.10,2015.2,28628
16364,00033732,2012,ASU40-G400845,1D4,2012.10,2014.9,414
16364,00033732,2012,ASU40-G403590,1G3,2012.10,2014.8,328
16364,00033732,2012,ASU40-G400506,4T8,2012.10,2014.9,77
16364,00033732,2013,ASU40-G503490,3R3,2013.10,2014.9,54
16364,00033732,2012,ASU40-G404588,6V2,2012.12,2014.8,21
16364,00033732,2012,ASU40-G402359,8S6,2012.10,2013.5,8
16365,0003344a,2012,ASU40-G400511,202,2012.10,2014.9,2911
16365,0003344a,2012,ASU40-G400503,070,2012.10,2014.9,1686
16365,0003344a,2012,ASU40-G400867,1D4,2012.10,2014.8,77
16365,0003344a,2012,ASU40-G400731,1G3,2012.10,2014.5,57
16365,0003344a,2012,ASU40-G419328,4T8,2012.12,2013.7,6
16365,0003344a,2012,ASU40-G409338,8S6,2012.7,2013.8,4
16365,0003344a,2013,ASU40-G515244,3R3,2013.11,2013.11,1
5283,000d29cc,2009,GSU45-G001040,202,2009.10,2012.5,12044
5283,000d29cc,2009,GSU45-G001366,070,2009.10,2012.5,3632
5283,000d29cc,2009,GSU45-G001320,1G3,2009.10,2012.5,1491
5283,000d29cc,2009,GSU45-G001039,1D4,2009.10,2012.5,1033
5283,000d29cc,2009,GSU45-G003107,8S6,2009.10,2012.4,59
5283,000d29cc,2009,GSU45-G004124,4T8,2009.10,2012.5,57
5283,000d29cc,2012,GSU45-G040056,6V2,2012.3,2012.3,10
13037,000d2858,2012,GSU45-G400502,202,2012.10,2015.1,3508
13037,000d2858,2012,GSU45-G400508,070,2012.10,2015.1,2821
13037,000d2858,2012,GSU45-G401027,1D4,2012.10,2014.9,109
13037,000d2858,2012,GSU45-G403729,6V2,2012.11,2013.9,66
13037,000d2858,2012,GSU45-G401259,1G3,2012.10,2014.9,55
13037,000d2858,2012,GSU45-G400631,4T8,2012.5,2013.8,4
13037,000d2858,2013,GSU45-G412160,3R3,2013.10,2014.3,2
13037,000d2858,2012,GSU45-G404969,8S6,2012.10,2013.7,2
13000,000d2a86,2012,GSU45-G400507,202,2012.10,2015.1,4593
13000,000d2a86,2012,GSU45-G400510,070,2012.10,2015.1,3131
13000,000d2a86,2012,GSU45-G403715,6V2,2012.11,2013.9,136
13000,000d2a86,2012,GSU45-G400505,1G3,2012.10,2014.9,110
13000,000d2a86,2012,GSU45-G400531,1D4,2012.10,2014.9,108
13000,000d2a86,2012,GSU45-G400576,4T8,2012.5,2014.1,8
13000,000d2a86,2012,GSU45-G400653,8S6,2012.11,2013.5,3
13000,000d2a86,2014,GSU45-G415742,3R3,2014.4,2014.4,1
23574,0002d804,2015,ARS212-0002022,202,2015.10,2017.8,619
23574,0002d804,2015,ARS212-0002044,062,2015.10,2017.8,190
23574,0002d804,2015,ARS212-0002023,1F7,2015.10,2017.8,62
23574,0002d804,2015,ARS212-0002026,4X5,2015.10,2016.6,27
23574,0002d804,2015,ARS212-0002096,1H1,2015.10,2016.7,20
23574,0002d804,2015,ARS212-0002018,3Q3,2015.9,2017.1,17
23574,0002d804,2017,ARS212-0041908,8T7,2017.3,2017.3,1
32857,0002d3a8,2017,ARS212-0001028,202,2017.10,2019.6,3552
32857,0002d8be,2017,ARS212-0001029,062,2017.11,2019.7,927
32857,0002d5d6,2017,ARS212-0001031,4X5,2017.11,2017.12,89
32857,0002d8be,2017,ARS212-0001025,8X8,2017.10,2019.2,48
32857,0002d8be,2017,ARS212-0001027,3R0,2017.10,2019.5,48
32857,0002d5d6,2017,ARS212-0062338,1F7,2017.12,2019.4,29
6651,000c9f06,2009,GRS208-0002501,202,2009.12,2010.3,4561
6651,000c9f06,2009,GRS208-0002519,1G7,2009.12,2010.3,1166
6651,000c9f06,2009,GRS208-0002503,062,2009.12,2010.3,282
6651,000c9f06,2009,GRS208-0002578,3R0,2009.12,2010.3,82
6651,000c9f06,2009,GRS208-0002789,8S6,2009.12,2010.3,15
10445,000c9f06,2010,GRS208-0013577,202,2010.10,2012.7,42474
10445,000c9f06,2010,GRS208-0013512,1G7,2010.10,2012.6,4404
10445,000c9f06,2010,GRS208-0013634,062,2010.10,2012.7,3507
10445,000c9f06,2010,GRS208-0015067,3R0,2010.10,2012.6,3353
10445,000c9f06,2011,GRS208-0051764,1H4,2011.10,2012.5,163
10445,000c9f06,2010,GRS208-0016289,8S6,2010.10,2012.4,57
13460,000c9fc0,2012,GRS208-0082922,202,2012.10,2014.9,27215
13460,000c9fc0,2012,GRS208-0082954,3R0,2012.10,2014.9,5495
13460,000c9fc0,2012,GRS208-0082944,062,2012.10,2014.9,4281
13460,000c9fc0,2012,GRS208-0082963,1G7,2012.10,2014.9,1261
13460,000c9fc0,2012,GRS208-0082930,1H4,2012.10,2014.7,58
13460,000c9fc0,2012,GRS208-0082932,8S6,2012.7,2013.1,3
13445,000c9fc0,2012,GRS208-0082923,202,2012.10,2014.9,4485
13445,000c9fc0,2012,GRS208-0082913,062,2012.10,2014.9,687
13445,000c9fc0,2012,GRS208-0082943,3R0,2012.10,2014.9,526
13445,000c9fc0,2012,GRS208-0082952,1G7,2012.10,2014.9,205
13445,000c9fc0,2012,GRS208-0082935,1H4,2012.11,2014.5,9
13445,000c9fc0,2012,GRS208-0082937,8S6,2012.7,2012.7,1
21300,000ca41c,2015,GRS218-0002002,062,2015.1,2015.7,547
21300,000ca41c,2015,GRS218-0002025,202,2015.1,2015.8,399
21300,000ca41c,2015,GRS218-0002001,1F7,2015.1,2015.7,44
21300,000ca41c,2015,GRS218-0002554,1H1,2015.2,2015.8,12
21300,000ca41c,2015,GRS218-0002358,3Q3,2015.1,2015.7,11
6318,000c9cd8,2009,GRS202-0016518,202,2009.12,2012.4,2183
6318,000c9cd8,2009,GRS202-0016520,1G7,2009.12,2012.5,625
6318,000c9cd8,2009,GRS202-0016706,062,2009.12,2012.4,92
6318,000c9cd8,2009,GRS202-0016505,3R0,2009.12,2012.4,58
6318,000c9cd8,2009,GRS202-0016506,8S6,2009.12,2011.5,9
8207,-,-,-,-,-,-,-
7561,001879e0,2018,MAXA10-G001008,070,2010.10,2018.9,4331
7561,001879e0,2018,MAXA10-G001083,2QJ,2018.10,2018.9,1768
7561,001879e0,2018,MAXA10-G001101,2QL,2018.10,2018.9,1072
7561,001879e0,2018,MAXA10-G002302,3R3,2018.10,2018.9,1051
7561,001879e0,2018,MAXA10-G001014,6W9,2018.10,2018.9,679
7561,001879e0,2018,MAXA10-G002006,218,2018.10,2018.9,625
7561,0002c520,2010,ANH20-8130263,202,2010.10,2013.3,415
7561,001879e0,2018,MAXA10-G001156,2NJ,2018.10,2018.9,321
7561,0002c520,2010,ANH20-8110470,1F7,2010.10,2014.9,313
7561,001879e0,2018,MAXA10-G002011,6W2,2018.10,2018.9,209
7561,001879e0,2018,MAXA10-G001136,2QM,2018.10,2018.9,200
7561,0002c520,2010,ANH20-8144328,4U1,2010.10,2012.3,56
7561,001879e0,2018,MAXA10-G001064,2QK,2018.10,2018.9,55
7561,001879e0,2018,MAXA10-G001104,2QH,2018.10,2018.9,39
7561,0002c520,2010,ANH20-8144395,4T8,2010.10,2011.7,27
7561,0002c520,2010,ANH20-8147774,8S6,2010.10,2011.7,16
7561,0002c5da,2012,ANH20-8211871,8P8,2012.2,2012.2,1
9909,0029e356,2011,ZGR20-G002006,1D4,2011.10,2012.9,1068
9909,0029e356,2011,ZGR20-G002001,070,2011.10,2012.9,503
9909,0029e356,2011,ZGR20-G002004,202,2011.10,2012.9,431
9909,0029e356,2011,ZGR20-G002577,1G3,2011.10,2013.1,57
9909,0029e356,2011,ZGR20-G002003,4T8,2011.10,2012.7,36
9909,0029e356,2011,ZGR20-G002002,8S6,2011.11,2012.2,8
9910,0029e926,2011,ZGR21-G002009,1D4,2011.10,2013.8,10113
9910,0029e926,2011,ZGR21-G002016,070,2011.10,2013.8,9436
9910,0029e926,2011,ZGR21-G002007,202,2011.10,2013.8,4643
9910,0029e926,2011,ZGR21-G002004,1G3,2011.10,2013.8,1467
9910,0029e926,2011,ZGR21-G004299,4T8,2011.10,2013.8,811
9910,0029e926,2011,ZGR21-G003854,8S6,2011.10,2013.7,153
9911,0029e9e0,2011,ZGR21-G002025,1D4,2011.10,2013.8,966
9911,0029e9e0,2011,ZGR21-G002020,070,2011.10,2013.8,738
9911,0029e9e0,2011,ZGR21-G002005,202,2011.10,2013.7,425
9911,0029e9e0,2011,ZGR21-G003739,1G3,2011.10,2013.8,174
9911,0029e9e0,2011,ZGR21-G003942,4T8,2011.10,2013.5,87
9911,0029e9e0,2011,ZGR21-G004333,8S6,2011.10,2013.6,18
9912,0029e9e0,2011,ZGR21-G002014,1D4,2011.10,2013.8,2619
9912,0029e9e0,2011,ZGR21-G002010,070,2011.10,2013.8,2527
9912,0029e9e0,2011,ZGR21-G002008,202,2011.10,2013.7,1168
9912,0029e9e0,2011,ZGR21-G002006,1G3,2011.10,2013.6,436
9912,0029e9e0,2011,ZGR21-G004030,4T8,2011.10,2013.7,198
9912,0029e9e0,2011,ZGR21-G004504,8S6,2011.10,2013.4,32
9913,0029e63e,2011,ZGR21-G002001,1D4,2011.10,2013.8,1458
9913,0029e63e,2011,ZGR21-G002017,070,2011.10,2013.8,993
9913,0029e63e,2011,ZGR21-G002030,202,2011.10,2013.7,513
9913,0029e63e,2011,ZGR21-G002199,1G3,2011.10,2013.7,161
9913,0029e63e,2011,ZGR21-G003740,4T8,2011.10,2013.7,85
9913,0029e63e,2011,ZGR21-G004205,8S6,2011.10,2013.5,19
17101,0029e926,2013,ZGR21-G045569,070,2013.10,2017.1,19775
17101,0029e926,2013,ZGR21-G045572,1D4,2013.10,2016.9,8999
17101,0029e926,2013,ZGR21-G045574,218,2013.10,2017.1,2227
17101,0029e926,2013,ZGR21-G045579,1G3,2013.10,2016.9,433
17101,0029e926,2013,ZGR21-G045571,3R3,2013.10,2016.9,419
17101,0029e926,2013,ZGR21-G045587,4T8,2013.10,2016.7,186
17103,0029e9e0,2013,ZGR21-G045576,070,2013.10,2016.9,1798
17103,0029e9e0,2013,ZGR21-G045623,1D4,2013.10,2016.9,793
17103,0029e9e0,2013,ZGR21-G047442,218,2013.10,2016.9,162
17103,0029e9e0,2013,ZGR21-G045993,1G3,2013.10,2016.9,91
17103,0029e9e0,2013,ZGR21-G045566,3R3,2013.10,2016.3,63
17103,0029e9e0,2013,ZGR21-G047994,4T8,2013.10,2015.9,27
17106,0029e63e,2013,ZGR21-G045601,1D4,2013.10,2016.8,214
17106,0029e63e,2013,ZGR21-G045673,070,2013.10,2016.9,204
17106,0029e63e,2013,ZGR21-G047899,218,2013.10,2016.9,50
17106,0029e63e,2013,ZGR21-G047970,1G3,2013.10,2016.9,25
17106,0029e63e,2013,ZGR21-G049446,4T8,2013.11,2016.1,11
17106,0029e63e,2013,ZGR21-G050526,3R3,2013.12,2016.4,9
20424,0029e926,2013,ZGR21-G045569,070,2013.10,2017.1,19775
20424,0029e926,2013,ZGR21-G045572,1D4,2013.10,2016.9,8999
20424,0029e926,2013,ZGR21-G045574,218,2013.10,2017.1,2227
20424,0029e926,2013,ZGR21-G045579,1G3,2013.10,2016.9,433
20424,0029e926,2013,ZGR21-G045571,3R3,2013.10,2016.9,419
20424,0029e926,2013,ZGR21-G045587,4T8,2013.10,2016.7,186
9018,0029ec0e,2011,ZGR22-G002006,1D4,2011.10,2011.9,75
9018,0029ec0e,2011,ZGR22-G002004,070,2011.10,2012.3,33
9018,0029ec0e,2011,ZGR22-G002003,202,2011.6,2012.8,21
9018,0029ec0e,2011,ZGR22-G002001,4T8,2011.7,2011.8,3
9018,0029ec0e,2011,ZGR22-G002076,1G3,2011.8,2011.9,3
9018,0029ec0e,2011,ZGR22-G002106,8S6,2011.9,2012.3,2
9197,-,-,-,-,-,-,-
17578,-,-,-,-,-,-,-
10179,-,-,-,-,-,-,-
11443,0029f7ae,2013,ZN6AC-9013557,37J,2013.1,2014.4,712
11443,0029f7ae,2012,ZN6AC-9013233,H8R,2012.12,2014.1,148
11443,0029f7ae,2012,ZN6AC-9013043,C7P,2012.12,2014.4,108
11443,0029f7ae,2013,ZN6AC-9013543,D4S,2013.1,2014.4,108
11443,0029f7ae,2013,ZN6AC-9015307,E8H,2013.10,2014.3,60
11443,0029f7ae,2013,ZN6AC-9014705,61K,2013.11,2014.2,18
11443,0029f7ae,2013,ZN6AC-9015577,D6S,2013.6,2013.6,2
14934,0029f6f4,2012,ZN6AC-9013240,37J,2012.12,2014.4,1258
14934,0029f6f4,2012,ZN6AC-9013254,H8R,2012.12,2014.4,802
14934,0029f6f4,2012,ZN6AC-9013040,C7P,2012.12,2014.4,724
14934,0029f6f4,2012,ZN6AC-9013259,D4S,2012.12,2014.3,90
14934,0029f6f4,2013,ZN6AC-9013643,E8H,2013.1,2014.4,68
14934,0029f6f4,2013,ZN6AC-9014132,61K,2013.10,2014.4,20
14934,0029f6f4,2013,ZN6AC-9015021,D6S,2013.4,2013.6,6
16763,001c0842,2013,NSP150-G002008,040,2013.12,2016.7,13846
16763,001c0842,2013,NSP150-G002010,3R3,2013.12,2016.6,7447
16763,001c0842,2013,NSP150-G002004,8V6,2013.12,2016.5,1867
16763,001c0842,2013,NSP150-G002007,1D4,2013.12,2015.8,1167
16763,001c0842,2013,NSP150-G002044,6W5,2013.12,2015.8,446
16763,001c0842,2013,NSP150-G002003,1G3,2013.12,2015.3,252
16763,001c0842,2013,NSP150-G002006,218,2013.12,2015.6,118
16761,001c032c,2013,NSP150-G002001,040,2013.12,2016.5,882
16761,001c032c,2014,NSP150-G002069,3R3,2013.12,2016.4,298
16761,001c032c,2013,NSP150-G002401,8V6,2013.12,2016.5,72
16761,001c032c,2013,NSP150-G002368,1D4,2013.12,2016.1,69
16761,001c032c,2013,NSP150-G003044,1G3,2013.12,2015.1,39
16761,001c032c,2013,NSP150-G002479,6W5,2013.12,2015.8,29
16761,001c032c,2013,NSP150-G003003,218,2013.12,2016.4,25
16766,001c4bd4,2013,NSP151-G002012,040,2013.12,2016.5,1705
16766,001c4bd4,2013,NSP151-G002009,3R3,2013.12,2016.4,1061
16766,001c4bd4,2013,NSP151-G002043,8V6,2013.12,2016.3,209
16766,001c4bd4,2013,NSP151-G002002,6W5,2013.12,2014.8,169
16766,001c4bd4,2013,NSP151-G002093,1D4,2013.12,2016.1,111
16766,001c4bd4,2013,NSP151-G002179,1G3,2013.12,2015.3,65
16766,001c4bd4,2013,NSP151-G002032,218,2013.12,2015.9,41
16765,001c4c8e,2013,NSP151-G002010,040,2013.12,2016.5,12756
16765,001c4c8e,2013,NSP151-G002008,3R3,2013.12,2016.4,7293
16765,001c4c8e,2013,NSP151-G002004,8V6,2013.12,2015.7,2001
16765,001c4c8e,2013,NSP151-G002018,1D4,2013.12,2016.5,1013
16765,001c4c8e,2013,NSP151-G002007,6W5,2013.12,2015.8,956
16765,001c4c8e,2013,NSP151-G002058,1G3,2013.12,2015.2,540
16765,001c4c8e,2013,NSP151-G002034,218,2013.12,2015.4,324
16765,001c4c8e,2016,NSP151-G103512,4R8,2016.1,2016.1,1
20701,001c4d48,2014,NSP151-G033804,040,2014.10,2016.8,59449
20701,001c4d48,2014,NSP151-G033978,3R3,2014.10,2016.8,14189
20701,001c4d48,2014,NSP151-G033936,8V6,2014.10,2016.8,1615
20701,001c4d48,2014,NSP151-G033934,1D4,2014.10,2016.8,1349
20701,001c4d48,2015,NSP151-G090238,4R8,2015.11,2016.8,397
20701,001c4d48,2014,NSP151-G034061,218,2014.10,2016.6,277
20701,001c4d48,2014,NSP151-G034027,6W5,2014.10,2016.6,238
20701,001c4d48,2014,NSP151-G033986,1G3,2014.10,2015.3,98
16764,001c4778,2013,NSP151-G002003,040,2013.12,2016.7,4852
16764,001c4778,2013,NSP151-G002006,3R3,2013.12,2016.6,1203
16764,001c4778,2013,NSP151-G002080,8V6,2013.12,2016.6,401
16764,001c4778,2013,NSP151-G002001,1D4,2013.12,2016.3,307
16764,001c4778,2013,NSP151-G002039,1G3,2013.12,2015.3,171
16764,001c4778,2013,NSP151-G002033,6W5,2013.12,2016.2,118
16764,001c4778,2013,NSP151-G002020,218,2013.12,2015.7,89
16764,001c4778,2015,NSP151-G055588,4R8,2015.10,2016.5,40
27313,001c4f76,2016,NSP151-G001039,040,2016.10,2019.3,1466
27313,001c4f76,2016,NSP151-G001042,3R3,2016.10,2019.3,197
27313,001c4f76,2016,NSP151-G001031,6W2,2016.11,2019.5,62
27313,001c4f76,2016,NSP151-G001032,1D4,2016.7,2019.5,10
27313,001c4f76,2016,NSP151-G001048,8V6,2016.7,2019.5,6
27313,001c4f76,2016,NSP151-G001035,218,2016.7,2018.5,6
27313,001c4f76,2016,NSP151-G001028,4R8,2016.7,2018.5,5
26330,001c582e,2016,NSP151-G001049,040,2016.10,2018.9,7842
26330,001c582e,2016,NSP151-G001037,3R3,2016.10,2018.9,1149
26330,001c582e,2016,NSP151-G001051,6W2,2016.10,2018.9,707
26330,001c582e,2016,NSP151-G001030,8V6,2016.10,2018.9,160
26330,001c582e,2016,NSP151-G001043,4R8,2016.10,2018.9,82
26330,001c582e,2016,NSP151-G001040,1D4,2016.10,2018.9,47
26330,001c582e,2016,NSP151-G001033,218,2016.10,2018.9,23
28127,001bbf9a,2016,NRE181-G001003,070,2016.11,2017.5,4158
28127,001bbf9a,2016,NRE181-G001002,4U3,2016.11,2017.4,270
28127,001bbf9a,2016,NRE181-G001009,218,2016.11,2017.4,252
28127,001bbf9a,2016,NRE181-G001013,3R3,2016.11,2017.4,197
28127,001bbf9a,2016,NRE181-G001007,1D4,2016.11,2017.4,90
28127,001bbf9a,2016,NRE181-G001011,4R8,2016.11,2017.4,24
28127,001bbf9a,2016,NRE181-G001025,8T7,2016.11,2017.4,16
19209,002c4da4,2014,ZRE181-G002001,070,2014.10,2016.9,2862
19209,002c4da4,2014,ZRE181-G002002,218,2014.10,2016.9,917
19209,002c4da4,2014,ZRE181-G002050,1D4,2014.10,2016.9,662
19209,002c4da4,2014,ZRE181-G002015,1G3,2014.10,2016.9,72
19209,002c4da4,2016,ZRE181-G183429,8T7,2016.4,2016.4,1
19210,002c4f18,2014,ZRE181-G002020,070,2014.10,2016.9,160612
19210,002c4f18,2014,ZRE181-G002011,218,2014.10,2016.9,24389
19210,002c4f18,2014,ZRE181-G002022,3R3,2014.10,2016.9,21367
19210,002c4f18,2014,ZRE181-G002005,1D4,2014.10,2016.9,15086
19210,002c4f18,2014,ZRE181-G002004,4R8,2014.10,2016.9,6770
19210,002c4f18,2014,ZRE181-G002029,1G3,2014.10,2016.9,3043
19210,002c4f18,2014,ZRE181-G002034,8T7,2014.10,2016.9,1887
19211,002c8b66,2014,ZRE182-G002004,070,2014.10,2016.9,13447
19211,002c8b66,2014,ZRE182-G002013,218,2014.10,2016.9,1847
19211,002c8b66,2014,ZRE182-G002017,3R3,2014.10,2016.9,1757
19211,002c8b66,2014,ZRE182-G002024,1D4,2014.10,2016.9,1461
19211,002c8b66,2014,ZRE182-G002034,4R8,2014.10,2016.7,1060
19211,002c8b66,2014,ZRE182-G002033,1G3,2014.10,2016.9,327
19211,002c8b66,2014,ZRE182-G002010,8T7,2014.10,2016.9,309
19221,002c8b66,2014,ZRE182-G002003,070,2014.10,2016.9,726
19221,002c8b66,2014,ZRE182-G002007,4R8,2014.10,2015.8,122
19221,002c8b66,2014,ZRE182-G002012,3R3,2014.10,2015.9,111
19221,002c8b66,2014,ZRE182-G002021,218,2014.10,2015.9,94
19221,002c8b66,2014,ZRE182-G002026,1D4,2014.10,2016.2,85
19221,002c8b66,2014,ZRE182-G002009,8T7,2014.10,2015.9,42
19221,002c8b66,2014,ZRE182-G002008,1G3,2014.10,2015.8,36
19221,002c8b66,2016,ZRE182-G024591,4U3,2016.11,2016.11,1
18920,002c8e4e,2014,ZRE182-G002011,070,2014.10,2015.9,655
18920,002c8e4e,2014,ZRE182-G002001,4R8,2014.10,2015.9,293
18920,002c8e4e,2014,ZRE182-G002006,3R3,2014.10,2015.8,74
18920,002c8e4e,2014,ZRE182-G002015,218,2014.10,2015.7,58
18920,002c8e4e,2014,ZRE182-G002031,1D4,2014.10,2016.2,49
18920,002c8e4e,2014,ZRE182-G002020,1G3,2014.10,2015.9,29
18920,002c8e4e,2014,ZRE182-G002002,8T7,2014.10,2015.5,29
22461,002d8c9a,2015,ZWE182-G002013,070,2015.11,2017.5,1655
22461,002d8c9a,2015,ZWE182-G002002,9AH,2015.11,2017.6,1059
22461,002d8c9a,2015,ZWE182-G002097,218,2015.11,2017.5,188
22461,002d8c9a,2015,ZWE182-G002010,1D4,2015.11,2017.5,169
22461,002d8c9a,2015,ZWE182-G002044,3R3,2015.11,2017.2,121
22461,002d8c9a,2015,ZWE182-G002005,8T7,2015.11,2017.3,83
22461,002d8c9a,2015,ZWE182-G002397,4R8,2015.11,2017.3,38
22461,002d8c9a,2016,ZWE182-G019428,4U3,2016.12,2017.4,8
30389,002d8610,2017,ZWE182-G044177,070,2017.10,2018.9,36891
30389,002d8610,2017,ZWE182-G044176,9AH,2017.10,2018.9,9814
30389,002d8610,2017,ZWE182-G044200,218,2017.10,2018.9,4757
30389,002d8610,2017,ZWE182-G044192,1D4,2017.10,2018.9,3905
30389,002d8610,2017,ZWE182-G044184,4R8,2017.10,2018.9,1395
30389,002d8610,2017,ZWE182-G044174,3R3,2017.10,2018.9,901
30389,002d8610,2017,ZWE182-G044195,8X7,2017.10,2018.9,548
30389,002d8610,2017,ZWE182-G044198,4U3,2017.10,2018.9,322
30264,002d8d54,2017,ZWE182-G034465,070,2017.10,2018.9,528
30264,002d8d54,2017,ZWE182-G034905,9AH,2017.10,2018.9,188
30264,002d8d54,2017,ZWE182-G044446,218,2017.10,2018.8,72
30264,002d8d54,2017,ZWE182-G045445,1D4,2017.10,2018.9,57
30264,002d8d54,2017,ZWE182-G044472,3R3,2017.10,2018.9,32
30264,002d8d54,2017,ZWE182-G034576,8X7,2017.10,2018.7,32
30264,002d8d54,2017,ZWE182-G039691,4U3,2017.10,2018.8,11
30264,002d8d54,2017,ZWE182-G046956,4R8,2017.11,2017.9,6
28517,001c431c,2016,NSP151-G160671,040,2016.11,2018.9,3165
28517,001c431c,2016,NSP151-G160660,3R3,2016.11,2018.9,269
28517,001c431c,2016,NSP151-G160334,8W7,2016.11,2018.9,128
28517,001c431c,2016,NSP151-G160655,070,2016.11,2018.7,110
28517,001c431c,2017,NSP151-G177371,1D4,2017.10,2018.8,72
28517,001c431c,2017,NSP151-G176850,218,2017.11,2018.7,52
28517,001c431c,2016,NSP151-G161311,4R8,2016.11,2018.9,24
34988,00187926,2018,MAXA10-G001009,070,2018.10,2019.4,1506
34988,00187926,2018,MAXA10-G001011,2QJ,2018.10,2019.4,1243
34988,00187926,2018,MAXA10-G001015,2QL,2018.10,2019.3,741
34988,00187926,2018,MAXA10-G001021,3R3,2018.10,2019.3,433
34988,00187926,2018,MAXA10-G001062,6W9,2018.10,2019.3,380
34988,00187926,2018,MAXA10-G001056,218,2018.10,2019.3,328
34988,00187926,2018,MAXA10-G001004,2NJ,2018.10,2019.3,272
34988,00187926,2018,MAXA10-G001027,2QM,2018.10,2019.3,145
34988,00187926,2018,MAXA10-G001058,6W2,2018.10,2019.3,93
34988,00187926,2018,MAXA10-G001033,2QK,2018.10,2018.9,36
34988,00187926,2018,MAXA10-G001031,2QH,2018.10,2018.9,29
36767,001876f8,2018,MAXA10-0002010,070,2018.10,2019.7,15491
36767,001876f8,2018,MAXA10-0002006,1K0,2018.10,2019.7,9877
36767,001876f8,2018,MAXA10-0002005,2PN,2018.10,2019.7,8745
36767,001876f8,2018,MAXA10-0002028,2KR,2018.10,2019.7,6839
36767,001876f8,2018,MAXA10-0002035,209,2018.10,2019.7,1302
36767,001876f8,2018,MAXA10-0002008,2QG,2018.10,2019.7,920
36767,001876f8,2018,MAXA10-0002015,4U3,2018.10,2019.7,275
36767,001876f8,2018,MAXA10-0002016,2NE,2018.10,2019.5,201
36767,001876f8,2018,MAXA10-0002009,2ND,2018.10,2019.7,192
33016,0018763e,2018,MAXA10-0002003,2PN,2018.10,2018.9,834
33016,0018763e,2018,MAXA10-0002013,070,2018.10,2018.9,778
33016,0018763e,2018,MAXA10-0002012,2KR,2018.10,2018.9,201
33016,0018763e,2018,MAXA10-0002020,1K0,2018.2,2018.9,123
33016,0018763e,2018,MAXA10-0002007,2QG,2018.10,2018.9,44
33016,0018763e,2018,MAXA10-0002011,209,2018.2,2018.9,18
33016,0018763e,2018,MAXA10-0002023,2NE,2018.2,2018.9,17
33016,0018763e,2018,MAXA10-0002031,4U3,2018.3,2018.8,13
33016,0018763e,2018,MAXA10-0002024,2ND,2018.2,2018.9,13
34520,002d9552,2019,ZWE183-G001021,791,2019.1,2019.7,482
34520,002d9552,2019,ZWE183-G001026,070,2019.1,2019.7,264
34520,002d9552,2019,ZWE183-G001062,1D4,2019.3,2019.7,47
34520,002d9552,2019,ZWE183-G001052,9AH,2019.3,2019.7,46
34520,002d9552,2019,ZWE183-G001022,3R3,2019.1,2019.7,36
34520,002d9552,2019,ZWE183-G001029,218,2019.1,2019.7,26
34520,002d9552,2019,ZWE183-G001033,8X7,2019.1,2019.6,16
