12409,000c3150,2012,GRJ200-3021571,056
12409,000c3150,2012,GRJ200-3021576,6R4
12409,000c3150,2012,GRJ200-3021583,202
12409,000c3150,2015,GRJ200-3035645,
12410,000c3150,2012,GRJ200-3021571,056
12410,000c3150,2012,GRJ200-3021576,6R4
12410,000c3150,2012,GRJ200-3021583,202
12410,000c3150,2015,GRJ200-3035645,
25988,000c337e,2016,GRJ200-3035840,070
25988,000c337e,2016,GRJ200-3036183,6R4
25988,000c337e,2016,GRJ200-3036257,202
25988,000c337e,2016,GRJ200-3035807,
25990,00264384,2016,URJ202-3035844,070
25990,00264384,2016,URJ202-3035850,6R4
25990,00263fe2,2016,URJ202-3035809,
25990,00264384,2016,URJ202-3036317,202
3496,0026a2b2,2007,UZJ200-3000205,056
3496,0026a2b2,2007,UZJ200-3000237,6R4
3496,0026a2b2,2008,UZJ200-3000435,202
3497,0026a13e,2007,UZJ200-3000203,056
3497,0026a13e,2007,UZJ200-3000200,6R4
3497,0026a13e,2007,UZJ200-3000208,202
21970,0025cae8,2015,TRJ150-S088697,070
21970,0025cae8,2015,TRJ150-S088701,040
21970,0025cae8,2015,TRJ150-S088721,6V4
21970,0025cae8,2015,TRJ150-S088722,218
21970,0025cae8,2015,TRJ150-S088741,4T3
21970,0025cae8,2015,TRJ150-S089280,1F7
7668,000c04fe,2010,GRJ150-S000006,40
7668,000c04fe,2010,GRJ150-S001221,040
7668,000c04fe,2010,GRJ150-S001017,6V2
7668,000c04fe,2010,GRJ150-S001028,202
7668,000c04fe,2010,GRJ150-S001153,1F7
7668,000c04fe,2010,GRJ150-S001022,1H2
17568,000c04fe,2013,GRJ150-S000014,040
17568,000c04fe,2013,GRJ150-S066233,6V4
17568,000c04fe,2013,GRJ150-S072427,6V2
17568,000c04fe,2013,GRJ150-S072457,202
17568,000c04fe,2013,GRJ150-S070838,4T3
17568,000c04fe,2015,GRJ150-S090699,218
17568,000c04fe,2013,GRJ150-S073432,1F7
17568,000c04fe,2015,GRJ150-S091655,070
7933,000c04fe,2010,GRJ150-S000006,40
7933,000c04fe,2010,GRJ150-S001221,040
7933,000c04fe,2010,GRJ150-S001017,6V2
7933,000c04fe,2010,GRJ150-S001028,202
7933,001971a2,2019,MXVA71-G001015,2PU
7933,000c04fe,2010,GRJ150-S001153,1F7
7933,001971a2,2019,MXVA71-G001008,2SZ
7933,000c04fe,2010,GRJ150-S001022,1H2
7933,001971a2,2019,MXVA71-G002078,209
7933,001971a2,2019,MXVA71-G002001,089
7933,001971a2,2019,MXVA71-G001019,3U5
7933,001971a2,2019,MXVA71-G002559,4X1
7933,001971a2,2019,MXVA71-G005138,4W4
2493,0000672c,2006,ACR50-7034131,1F7
2493,0000672c,2006,ACR50-7033696,5A4
2493,0000672c,2006,ACR50-7034192,070
2493,0000672c,2006,ACR50-7034137,202
2493,000067e6,2009,ACR50-7074827,1F8
2493,0000672c,2007,ACR50-7048841,040
2493,000067e6,2009,ACR50-7076469,8S6
2493,000067e6,2011,ACR50-7103966,9AE
2493,000067e6,2010,ACR50-A023790,3Q3
3020,000d0a8e,2007,GSR50-0003983,1F7
3020,000d0a8e,2007,GSR50-0003995,5A4
3020,000d0a8e,2007,GSR50-0003948,202
3020,000d0a8e,2006,GSR50-7011816,070
3020,000d0a8e,2007,GSR50-0003992,1F8
3020,000d0a8e,2006,GSR50-7011611,040
3020,000d0a8e,2007,GSR50-7015183,8S6
3020,000d0b48,2010,GSR50-7018961,9AE
3020,000d0a8e,2006,GSR50-0001002,8S7
8111,002a6906,2010,ZRE120-0175186,1F7
8111,002a6906,2010,ZRE120-0174704,209
8111,002a6906,2010,ZRE120-0174838,056
8111,002a6906,2011,ZRE120-0286109,3P1
8111,002a6906,2010,ZRE120-0182568,8T4
8111,002a6906,2010,ZRE120-0174644,1D0
10612,002a6906,2010,ZRE120-0175186,1F7
10612,002a6906,2010,ZRE120-0174704,209
10612,002a6906,2010,ZRE120-0174838,056
10612,002a6906,2011,ZRE120-0286109,3P1
10612,002a6906,2010,ZRE120-0182568,8T4
10612,002a6906,2010,ZRE120-0174644,1D0
10614,002a6906,2010,ZRE120-0175186,1F7
10614,002a6906,2010,ZRE120-0174704,209
10614,002a6906,2010,ZRE120-0174838,056
10614,002a6906,2011,ZRE120-0286109,3P1
10614,002a6906,2010,ZRE120-0182568,8T4
10614,002a6906,2010,ZRE120-0174644,1D0
14508,002a6906,2012,ZRE120-0446861,1F7
14508,002a6906,2012,ZRE120-0446958,056
14508,002a6906,2012,ZRE120-0446842,209
14508,002a6906,2012,ZRE120-0446834,3P1
14508,002a6906,2012,ZRE120-0453155,8T4
14508,002a6906,2015,ZRE120-0728753,1G3
14321,002a6906,2012,ZRE120-0446861,1F7
14321,002a6906,2012,ZRE120-0446958,056
14321,002a6906,2012,ZRE120-0446842,209
14321,002a6906,2012,ZRE120-0446834,3P1
14321,002a6906,2012,ZRE120-0453155,8T4
14321,002a6906,2015,ZRE120-0728753,1G3
14509,002a684c,2012,ZRE120-0446856,1F7
14509,002a684c,2012,ZRE120-0446673,056
14509,002a684c,2012,ZRE120-0443200,209
14509,002a684c,2012,ZRE120-0447810,3P1
14509,002a684c,2012,ZRE120-0450576,8T4
14509,002a684c,2015,ZRE120-0728755,1G3
14382,002a684c,2012,ZRE120-0446856,1F7
14382,002a684c,2012,ZRE120-0446673,056
14382,002a684c,2012,ZRE120-0443200,209
14382,002a684c,2012,ZRE120-0447810,3P1
14382,002a684c,2012,ZRE120-0450576,8T4
14382,002a684c,2015,ZRE120-0728755,1G3
14507,002a684c,2012,ZRE120-0446856,1F7
14507,002a684c,2012,ZRE120-0446673,056
14507,002a684c,2012,ZRE120-0443200,209
14507,002a684c,2012,ZRE120-0447810,3P1
14507,002a684c,2012,ZRE120-0450576,8T4
14507,002a684c,2015,ZRE120-0728755,1G3
15618,0000c942,2012,ACV41-G700503,202
15618,0000c942,2014,ACV41-G787347,209
15618,0000c942,2013,ACV41-G736333,070
15618,0000c942,2012,ACV41-G701508,1D4
11244,0000d428,2011,ACV51-G002001,218
11244,0000d428,2011,ACV51-G002003,070
11244,0000d428,2011,ACV51-G002015,1D4
11244,0000d428,2012,ACV51-G004168,1G3
11244,0000d428,2012,ACV51-G012714,4T8
11244,0000d428,2012,ACV51-G012801,8W1
11244,0000d428,2013,ACV51-G133095,3R3
15146,0000d428,2013,ACV51-G069275,218
15146,0000d428,2013,ACV51-G070900,070
15146,0000d428,2013,ACV51-G073342,1D4
15146,0000d428,2013,ACV51-G125383,3R3
15146,0000d428,2013,ACV51-G079883,1G3
15146,0000d428,2013,ACV51-G079820,4T8
15146,0000d428,2013,ACV51-G080153,8W1
11260,0000d656,2012,ACV51-G009086,218
11260,0000d656,2012,ACV51-G009121,070
11260,0000d656,2012,ACV51-G009288,1D4
11260,0000d656,2013,ACV51-G125375,3R3
11260,0000d656,2012,ACV51-G009213,1G3
11260,0000d656,2012,ACV51-G013187,4T8
11260,0000d656,2012,ACV51-G009665,8W1
20899,00036cf6,2014,ASV51-G002017,218
20899,00036cf6,2014,ASV51-G002010,070
20899,00036cf6,2014,ASV51-G002105,3T3
20899,00036cf6,2014,ASV51-G002045,1D4
20899,00036cf6,2014,ASV51-G002587,1H1
20899,00036cf6,2015,ASV51-G003401,8V5
20901,00037098,2014,ASV51-G002007,218
20901,00037098,2014,ASV51-G002012,070
20901,00037098,2014,ASV51-G002002,3T3
20901,00037098,2014,ASV51-G002065,1D4
20901,00037098,2014,ASV51-G002003,1H1
20901,00037098,2015,ASV51-G002988,8V5
20902,00036cf6,2014,ASV51-G002014,218
20902,00036cf6,2014,ASV51-G002029,070
20902,00036cf6,2014,ASV51-G002005,1D4
20902,00036cf6,2014,ASV51-G002008,3T3
20902,00036cf6,2014,ASV51-G002001,1H1
20902,00036cf6,2014,ASV51-G002004,8V5
20902,00036cf6,2016,ASV51-G643109,209
7511,00024258,2010,AHV41-G002003,202
7511,00024258,2010,AHV41-G003196,8U8
7511,00024258,2010,AHV41-G003284,070
7511,00024258,2010,AHV41-G003368,4T8
12931,0003dcda,2012,AVV50-G002008,218
12931,0003dcda,2012,AVV50-G002218,070
12931,0003dcda,2012,AVV50-G002444,1D4
12931,0003dcda,2012,AVV50-G002001,8U8
12931,0003dcda,2012,AVV50-G002589,1G3
12931,0003dcda,2012,AVV50-G002537,8W1
12931,0003dcda,2012,AVV50-G002506,4T8
12931,0003dcda,2013,AVV50-G007850,3R3
11262,0003dcda,2012,AVV50-G002004,070
11262,0003dcda,2012,AVV50-G002009,218
11262,0003dcda,2012,AVV50-G002964,1D4
11262,0003dcda,2012,AVV50-G002002,8U8
11262,0003dcda,2012,AVV50-G003978,1G3
11262,0003dcda,2012,AVV50-G004016,4T8
20908,0003dd94,2014,AVV50-G250003,218
20908,0003dd94,2014,AVV50-G250054,070
20908,0003dd94,2014,AVV50-G250057,8V5
20908,0003dd94,2015,AVV50-G500949,1D4
20908,0003dd94,2015,AVV50-G500105,1H1
20908,0003dd94,2016,AVV50-G508507,209
20908,0003dd94,2016,AVV50-G508515,3T3
31824,000441d8,2017,AXVH71-G001501,089
31824,000441d8,2017,AXVH71-G001521,209
31824,000441d8,2017,AXVH71-G001513,4X1
31824,000441d8,2017,AXVH71-G001507,8W7
31824,000441d8,2017,AXVH71-G001510,3R3
31824,000441d8,2017,AXVH71-G001505,4U3
11257,00035acc,2011,ASV50-G002001,218
11257,00035acc,2011,ASV50-G002008,070
11257,00035acc,2011,ASV50-G002011,1D4
11257,00035acc,2012,ASV50-G010495,1G3
11257,00035acc,2011,ASV50-G002018,8W1
11257,00035acc,2012,ASV50-G032164,4T8
11257,00035acc,2013,ASV50-G092356,3R3
11261,00035e6e,2011,ASV50-G002004,218
11261,00035e6e,2011,ASV50-G002032,070
11261,00035e6e,2011,ASV50-G002097,1D4
11261,00035e6e,2012,ASV50-G032474,1G3
11261,00035e6e,2012,ASV50-G033478,8W1
11261,00035e6e,2012,ASV50-G037528,4T8
11261,00035e6e,2013,ASV50-G095371,3R3
11258,00035fe2,2012,ASV50-G019581,218
11258,00035fe2,2012,ASV50-G020604,070
11258,00035fe2,2012,ASV50-G021737,1D4
11258,00035fe2,2012,ASV50-G035027,1G3
11258,00035fe2,2012,ASV50-G027945,4T8
11258,00035fe2,2012,ASV50-G033749,8W1
15147,00035acc,2013,ASV50-G070952,218
15147,00035acc,2013,ASV50-G071694,070
15147,00035acc,2013,ASV50-G072817,1D4
15147,00035acc,2013,ASV50-G092374,3R3
15147,00035acc,2013,ASV50-G076556,1G3
15147,00035acc,2013,ASV50-G076521,4T8
15147,00035acc,2014,ASV50-G105564,8W1
3638,001ac37c,2008,NCP92-0002003,1D0
3638,001ac37c,2008,NCP92-0002012,056
3638,001ac37c,2008,NCP92-0002824,3P1
3638,001ac37c,2008,NCP92-0002018,209
3638,001ac37c,2008,NCP92-0002002,8B6
3638,001ac37c,2008,NCP92-0002787,586
17200,001c1d54,2013,NSP150-0002010,040
17200,001c1d54,2013,NSP150-0002012,1F7
17200,001c1d54,2013,NSP150-0002014,3R3
17200,001c1d54,2013,NSP150-0002016,9AP
17200,001c1d54,2013,NSP150-0002008,209
17200,001c1d54,2013,NSP150-0002025,4R8
17200,001c1d54,2013,NSP150-0002020,8V6
17201,001c1c9a,2013,NSP150-0002017,040
17201,001c1c9a,2013,NSP150-0002003,1F7
17201,001c1c9a,2013,NSP150-0002057,9AP
17201,001c1c9a,2013,NSP150-0002160,3R3
17201,001c1c9a,2013,NSP150-0002011,4R8
17201,001c1c9a,2013,NSP150-0002027,209
17201,001c1c9a,2013,NSP150-0002091,8V6
17198,001c19b2,2013,NSP150-0002006,040
17198,001c19b2,2013,NSP150-0002060,1F7
17198,001c19b2,2013,NSP150-0002167,209
17198,001c19b2,2013,NSP150-0002411,3R3
17198,001c19b2,2013,NSP150-0003461,9AP
17198,001c19b2,2013,NSP150-0003445,8V6
17198,001c19b2,2013,NSP150-0002323,4R8
17199,001c19b2,2013,NSP150-0002005,040
17199,001c19b2,2013,NSP150-0002013,1F7
17199,001c19b2,2013,NSP150-0002002,209
17199,001c19b2,2013,NSP150-0002321,3R3
17199,001c19b2,2013,NSP150-0002004,9AP
17199,001c19b2,2013,NSP150-0002001,4R8
17199,001c19b2,2013,NSP150-0002007,8V6
18405,001c699e,2014,NSP151-0023663,040
18405,001c699e,2014,NSP151-0023882,1F7
18405,001c699e,2014,NSP151-0023883,9AP
18405,001c699e,2014,NSP151-0023925,3R3
18405,001c699e,2014,NSP151-0023919,209
18405,001c699e,2014,NSP151-0023943,4R8
18405,001c699e,2014,NSP151-0023931,8V6
15863,001c1c9a,2013,NSP150-0002017,040
15863,001c1c9a,2013,NSP150-0002015,1F7
15863,001c1c9a,2013,NSP150-0002057,9AP
15863,001c1c9a,2013,NSP150-0002160,3R3
15863,001c1c9a,2013,NSP150-0002011,4R8
15863,001c1c9a,2013,NSP150-0002027,209
15863,001c1c9a,2013,NSP150-0002091,8V6
17202,001c68e4,2013,NSP151-0002002,040
17202,001c68e4,2013,NSP151-0002010,9AP
17202,001c68e4,2013,NSP151-0002009,3R3
17202,001c68e4,2013,NSP151-0002017,4R8
17202,001c68e4,2013,NSP151-0002001,1F7
17202,001c68e4,2013,NSP151-0002005,8V6
17202,001c68e4,2013,NSP151-0002003,209
18404,001c65fc,2014,NSP151-0023886,040
18404,001c65fc,2014,NSP151-0023662,1F7
18404,001c65fc,2014,NSP151-0023885,209
18404,001c65fc,2014,NSP151-0023934,9AP
18404,001c65fc,2014,NSP151-0024009,3R3
18404,001c65fc,2014,NSP151-0023976,8V6
18404,001c65fc,2014,NSP151-0024070,4R8
17143,001c63ce,2013,NSP151-0002015,040
17143,001c63ce,2013,NSP151-0002062,1F7
17143,001c63ce,2013,NSP151-0002022,209
17143,001c63ce,2013,NSP151-0003251,9AP
17143,001c63ce,2013,NSP151-0003254,4R8
17143,001c63ce,2013,NSP151-0003256,3R3
17143,001c63ce,2013,NSP151-0003270,8V6
18412,001c63ce,2014,NSP151-0023920,040
18412,001c63ce,2014,NSP151-0024023,1F7
18412,001c63ce,2014,NSP151-0023958,209
18412,001c63ce,2014,NSP151-0024264,9AP
18412,001c63ce,2014,NSP151-0024504,3R3
18412,001c63ce,2014,NSP151-0024577,4R8
18412,001c63ce,2014,NSP151-0025366,8V6
15513,002d70fe,2011,ZSP92-0074754,1F7
15513,002d70fe,2011,ZSP92-0074755,056
15513,002d70fe,2011,ZSP92-0074758,3P1
15513,002d70fe,2011,ZSP92-0074751,209
15513,002d70fe,2011,ZSP92-0074756,8S9
15513,002d70fe,2013,ZSP92-0090074,3L8
15513,002d70fe,2013,ZSP92-0090096,580
15513,002d70fe,2011,ZSP92-0074753,8T4
5116,002d6d5c,2008,ZSP92-0019477,1D0
5116,002d6d5c,2008,ZSP92-0019465,056
5116,002d6d5c,2008,ZSP92-0019469,209
5116,002d6d5c,2008,ZSP92-0019335,3P1
5116,002d6d5c,2008,ZSP92-0019473,8B6
5116,002d6d5c,2008,ZSP92-0019556,586
17541,0025c746,2013,TRJ150-0005201,070
17541,0025c746,2013,TRJ150-0004888,218
17541,0025c746,2013,TRJ150-0005210,202
17541,0025c746,2013,TRJ150-0004936,040
17541,0025c746,2013,TRJ150-0004911,1F7
17541,0025c746,2013,TRJ150-0005240,1G3
17541,0025c746,2013,TRJ150-0005247,4T3
17541,0025c746,2013,TRJ150-0005250,1H2
17541,0025c746,2014,TRJ150-0009124,6V4
17541,0025c746,2013,TRJ150-0005512,8S6
17904,0025c746,2014,TRJ150-5076152,070
17904,0025c746,2014,TRJ150-5076128,202
17904,0025c746,2014,TRJ150-5076201,1G3
17904,0025c746,2014,TRJ150-5077422,1F7
17904,0025c746,2014,TRJ150-5077292,218
17904,0025c746,2014,TRJ150-5076175,040
17904,0025c746,2014,TRJ150-5077897,1H2
17904,0025c746,2015,TRJ150-5084293,4T3
17904,0025c746,2014,TRJ150-5081051,8S6
17904,0025c746,2014,TRJ150-K172334,6V4
6066,0025c68c,2013,TRJ150-0000726,202
6066,0025c68c,2013,TRJ150-0000721,070
6066,0025c68c,2013,TRJ150-0000720,1F7
6066,0025c68c,2013,TRJ150-0000738,1G3
6066,0025c68c,2013,TRJ150-0000743,040
6066,0025c68c,2013,TRJ150-0000740,1H2
6066,0025c68c,2013,TRJ150-0000861,4T8
6066,0025c68c,2013,TRJ150-0000752,3R0
6066,0025c68c,2009,TRJ150-5000544,8R3
6066,0025c68c,2009,TRJ150-5002537,6V2
1380,-,,-,-
12105,002d7614,2011,ZVW30-3001009,056
12105,002d7614,2011,ZVW30-3001000,1C0
12105,002d7614,2011,ZVW30-3001015,202
12105,002d7614,2015,ZVW30-3005594,
12104,002d7614,2011,ZVW30-3001009,056
12104,002d7614,2011,ZVW30-3001000,1C0
12104,002d7614,2011,ZVW30-3001015,202
12104,002d7614,2015,ZVW30-3005594,
7693,002d7614,2011,ZVW30-3001009,056
7693,002d7614,2011,ZVW30-3001000,1C0
7693,002d7614,2011,ZVW30-3001015,202
7693,002d7614,2015,ZVW30-3005594,
8495,000cb1ea,2010,GRX132-0001271,202
8495,000cb1ea,2010,GRX132-0004695,062
8495,000cb1ea,2010,GRX132-0001586,1F7
8495,000cb1ea,2010,GRX132-0001956,1H4
8495,000cb1ea,2010,GRX132-0001043,3Q3
8495,000cb1ea,2012,GRX132-0105027,4U3
8495,000cb1ea,2010,GRX132-0001049,8S6
8497,000cb35e,2010,GRX132-0001164,202
8497,000cb35e,2010,GRX132-0001551,062
8497,000cb35e,2010,GRX132-0001448,1F7
8497,000cb35e,2010,GRX132-0001037,3Q3
8497,000cb35e,2010,GRX132-0001059,1H4
8497,000cb35e,2012,GRX132-0105016,4U3
8497,000cb35e,2010,GRX132-0001790,8S6
8496,000cb1ea,2010,GRX132-0001458,202
8496,000cb1ea,2010,GRX132-0001985,062
8496,000cb1ea,2010,GRX132-0001160,1F7
8496,000cb1ea,2010,GRX132-0001038,1H4
8496,000cb1ea,2010,GRX132-0001978,3Q3
8496,000cb1ea,2010,GRX132-0001035,8S6
8496,000cb1ea,2012,GRX132-0105185,4U3
8498,000cb35e,2010,GRX132-0001041,202
8498,000cb35e,2010,GRX132-0002008,062
8498,000cb35e,2010,GRX132-0001155,1F7
8498,000cb35e,2010,GRX132-0003044,3Q3
8498,000cb35e,2010,GRX132-0001051,1H4
8498,000cb35e,2010,GRX132-0003194,8S6
8498,000cb35e,2012,GRX132-0104985,4U3
12181,000cb35e,2012,GRX132-0098045,062
12181,000cb35e,2012,GRX132-0098046,202
12181,000cb35e,2012,GRX132-0096694,4U3
12181,000cb35e,2012,GRX132-0098108,1F7
12181,000cb35e,2012,GRX132-0098054,3Q3
12181,000cb35e,2012,GRX132-0098062,1H4
12181,000cb35e,2012,GRX132-0103775,8S6
16980,000cb2a4,2013,GRX132-0184291,062
16980,000cb2a4,2013,GRX132-0184281,202
16980,000cb2a4,2013,GRX132-0184262,4T3
16980,000cb2a4,2013,GRX132-0184310,3Q3
16980,000cb2a4,2013,GRX132-0184301,1F7
16980,000cb2a4,2013,GRX132-0184311,1H4
16980,000cb2a4,2013,GRX132-0184263,8T7
16972,000cb418,2013,GRX132-0184264,062
16972,000cb418,2013,GRX132-0184273,202
16972,000cb418,2013,GRX132-0184187,3Q3
16972,000cb418,2013,GRX132-0184312,4T3
16972,000cb418,2013,GRX132-0184283,1F7
16972,000cb418,2013,GRX132-0184293,1H4
16972,000cb418,2013,GRX132-0184303,8T7
16981,000cb418,2013,GRX132-0184182,062
16981,000cb418,2013,GRX132-0184275,202
16981,000cb418,2013,GRX132-0184327,3Q3
16981,000cb418,2013,GRX132-0184295,4T3
16981,000cb418,2013,GRX132-0184285,1F7
16981,000cb418,2013,GRX132-0184305,8T7
16981,000cb418,2013,GRX132-0184266,1H4
16959,000cb418,2013,GRX132-0184267,202
16959,000cb418,2013,GRX132-0184277,062
16959,000cb418,2013,GRX132-0184298,3Q3
16959,000cb418,2013,GRX132-0184307,4T3
16959,000cb418,2013,GRX132-0184287,1F7
16959,000cb418,2013,GRX132-0184313,8T7
16959,000cb418,2013,GRX132-0184297,1H4
16983,000cb418,2013,GRX132-0184272,062
16983,000cb418,2013,GRX132-0184271,3Q3
16983,000cb418,2013,GRX132-0192024,202
16983,000cb418,2013,GRX132-0199260,4T3
16983,000cb418,2013,GRX132-0184261,1F7
16983,000cb418,2013,GRX132-0203182,1H4
16983,000cb418,2013,GRX132-0184171,8T7
5425,000ca878,2009,GRX122-0164956,202
5425,000ca878,2009,GRX122-0165666,1F7
5425,000ca878,2009,GRX122-0165671,062
5425,000ca878,2009,GRX122-0166399,3Q3
5425,000ca878,2009,GRX122-0167282,776
5425,000ca878,2009,GRX122-0167871,8P8
8501,000cb076,2010,GRX131-0001015,062
8501,000cb076,2010,GRX131-0001080,202
8501,000cb076,2010,GRX131-0001013,1F7
8501,000cb076,2010,GRX131-0001077,1H4
8501,000cb076,2010,GRX131-0001101,8S6
8501,000cb076,2010,GRX131-0001074,3Q3
8501,000cb076,2012,GRX131-0001329,4U3
2757,001a6b92,2008,NCP90-G001184,9AC
2757,001a6b92,2008,NCP90-G001175,202
2757,001a6b92,2008,NCP90-G001181,1D4
2757,001a6b92,2008,NCP90-G001019,3P0
2757,001a6b92,2008,NCP90-G001015,040
2757,001a6b92,2008,NCP90-G001981,8P8
2757,001a6b92,2008,NCP90-G001982,4R0
2757,001a6b92,2009,NCP90-G005391,8S6
2757,001a6b92,2009,NCP90-G006098,1G3
2757,001a6b92,2009,NCP90-G006138,4T8
3799,002d6900,2008,ZSP91-G001078,9AC
3799,002d6900,2008,ZSP91-G001630,202
3799,002d6900,2008,ZSP91-G001741,1D4
3799,002d6900,2008,ZSP91-G001620,3P0
3799,002d6900,2008,ZSP91-G006327,040
3799,002d6900,2008,ZSP91-G006363,8P8
3799,002d6900,2009,ZSP91-G021212,1G3
3799,002d6900,2008,ZSP91-G006354,4R0
3799,002d6900,2009,ZSP91-G022399,8S6
3799,002d6900,2009,ZSP91-G025523,4T8
3805,002d6be8,2008,ZSP91-G001074,9AC
3805,002d6be8,2008,ZSP91-G001063,202
3805,002d6be8,2008,ZSP91-G001657,1D4
3805,002d6be8,2008,ZSP91-G001064,3P0
3805,002d6be8,2008,ZSP91-G001649,040
3805,002d6be8,2008,ZSP91-G001736,8P8
3805,002d6be8,2008,ZSP91-G001740,4R0
3805,002d6be8,2009,ZSP91-G025027,1G3
3805,002d6be8,2009,ZSP91-G031840,8S6
8479,002d6900,2010,ZSP91-G047289,9AC
8479,002d6900,2010,ZSP91-G047390,040
8479,002d6900,2010,ZSP91-G047298,3P0
8479,002d6900,2010,ZSP91-G047826,5A6
8479,002d6900,2010,ZSP91-G047333,1D4
8479,002d6900,2010,ZSP91-G047278,202
8479,002d6900,2010,ZSP91-G047516,1G3
8480,002d6900,2010,ZSP91-G047281,9AC
8480,002d6900,2010,ZSP91-G048113,5A6
8480,002d6900,2010,ZSP91-G047376,1D4
8480,002d6900,2010,ZSP91-G047415,040
8480,002d6900,2010,ZSP91-G047624,3P0
8480,002d6900,2010,ZSP91-G047956,202
8480,002d6900,2010,ZSP91-G047512,1G3
8477,002d6900,2010,ZSP91-G047277,9AC
8477,002d6900,2010,ZSP91-G047292,040
8477,002d6900,2010,ZSP91-G047290,3P0
8477,002d6900,2010,ZSP91-G047326,1D4
8477,002d6900,2010,ZSP91-G047279,5A6
8477,002d6900,2010,ZSP91-G047287,202
8477,002d6900,2010,ZSP91-G047354,1G3
8477,002d6900,2012,ZSP91-G089592,8W1
27871,001bc624,2016,NRE181-0500013,040
27871,001bc624,2016,NRE181-0500078,209
27871,001bc624,2016,NRE181-0500047,070
27871,001bc624,2016,NRE181-0500085,1F7
27871,001bc624,2016,NRE181-0500004,4V8
27871,001bc624,2016,NRE181-0513867,3R3
27871,001bc624,2016,NRE181-0504491,1G3
3088,002ad602,2007,ZRE151-0003164,1F7
3088,002ad602,2007,ZRE151-0003160,209
3088,002ad602,2007,ZRE151-0003169,040
3088,002ad602,2007,ZRE151-0003801,3R3
3088,002ad602,2007,ZRE151-0003060,4Q2
3088,002ad602,2007,ZRE151-0003781,8S6
8628,002ad6bc,2010,ZRE151-0218224,1F7
8628,002ad6bc,2010,ZRE151-0218349,209
8628,002ad6bc,2010,ZRE151-0218158,040
8628,002ad6bc,2010,ZRE151-0218379,3R3
8628,002ad6bc,2010,ZRE151-0218307,1G3
8628,002ad6bc,2012,ZRE151-0379140,4U3
8628,002ad6bc,2010,ZRE151-0218711,8S6
12175,002ad6bc,2012,ZRE151-0379143,1F7
12175,002ad6bc,2012,ZRE151-0379184,040
12175,002ad6bc,2012,ZRE151-0379131,209
12175,002ad6bc,2012,ZRE151-0379149,4U3
12175,002ad6bc,2012,ZRE151-0379319,3R3
12175,002ad6bc,2012,ZRE151-0379356,1G3
12175,002ad6bc,2012,ZRE151-0379985,8S6
15381,002ad6bc,2013,ZRE151-0461922,040
15381,002ad6bc,2013,ZRE151-0461987,1F7
15381,002ad6bc,2013,ZRE151-0461950,209
15381,002ad6bc,2013,ZRE151-0461932,4U3
15381,002ad6bc,2013,ZRE151-0461976,3R3
15381,002ad6bc,2013,ZRE151-0461968,1G3
15153,002ad6bc,2013,ZRE151-0461093,040
15153,002ad6bc,2013,ZRE151-0461933,1F7
15153,002ad6bc,2013,ZRE151-0461915,209
15153,002ad6bc,2013,ZRE151-0462035,3R3
15153,002ad6bc,2013,ZRE151-0461929,4U3
15153,002ad6bc,2013,ZRE151-0462074,1G3
8627,002ad3d4,2010,ZRE151-0218183,1F7
8627,002ad3d4,2010,ZRE151-0218320,209
8627,002ad3d4,2010,ZRE151-0218147,040
8627,002ad3d4,2010,ZRE151-0218297,1G3
8627,002ad3d4,2010,ZRE151-0218378,3R3
8627,002ad3d4,2012,ZRE151-0379487,4U3
8627,002ad3d4,2010,ZRE151-0220111,8S6
15380,002ad3d4,2013,ZRE151-0461962,209
15380,002ad3d4,2013,ZRE151-0461092,1F7
15380,002ad3d4,2013,ZRE151-0461940,040
15380,002ad3d4,2013,ZRE151-0462194,4U3
15380,002ad3d4,2013,ZRE151-0462827,1G3
15380,002ad3d4,2013,ZRE151-0465447,3R3
15270,002ad3d4,2013,ZRE151-0461918,040
15270,002ad3d4,2013,ZRE151-0462026,209
15270,002ad3d4,2013,ZRE151-0461952,1F7
15270,002ad3d4,2013,ZRE151-0462276,4U3
15270,002ad3d4,2013,ZRE151-0462480,1G3
15270,002ad3d4,2013,ZRE151-0462710,3R3
18889,002c6e56,2014,ZRE181-0400034,040
18889,002c6e56,2014,ZRE181-0400070,1F7
18889,002c6e56,2014,ZRE181-0400063,209
18889,002c6e56,2014,ZRE181-0400346,4V8
18889,002c6e56,2014,ZRE181-0401435,3R3
18889,002c6e56,2014,ZRE181-0400025,1G3
18889,002c6e56,2016,ZRE181-0691111,070
18889,002c6e56,2014,ZRE181-0402425,8T7
18891,002c6ce2,2014,ZRE181-0400026,040
18891,002c6ce2,2014,ZRE181-0400067,1F7
18891,002c6ce2,2014,ZRE181-0400051,209
18891,002c6ce2,2014,ZRE181-0400639,4V8
18891,002c6ce2,2014,ZRE181-0400022,1G3
18891,002c6ce2,2014,ZRE181-0403633,3R3
18891,002c6ce2,2014,ZRE181-0423118,8T7
18890,002c793c,2014,ZRE181-0005013,040
18890,002c793c,2014,ZRE181-0005306,1F7
18890,002c793c,2014,ZRE181-0400044,4V8
18890,002c793c,2014,ZRE181-0005341,209
18890,002c793c,2014,ZRE181-0400064,3R3
18890,002c793c,2016,ZRE181-0291424,070
18890,002c793c,2014,ZRE181-0400050,1G3
18890,002c793c,2014,ZRE181-0400306,8T7
18892,002c736c,2014,ZRE181-0005014,040
18892,002c736c,2014,ZRE181-0005033,1F7
18892,002c736c,2014,ZRE181-0005310,209
18892,002c736c,2014,ZRE181-0400143,4V8
18892,002c736c,2014,ZRE181-0400032,3R3
18892,002c736c,2014,ZRE181-0400202,1G3
18892,002c736c,2014,ZRE181-0400245,8T7
18894,002c736c,2014,ZRE181-0005002,040
18894,002c736c,2014,ZRE181-0005020,1F7
18894,002c736c,2014,ZRE181-0400014,4V8
18894,002c736c,2014,ZRE181-0005320,209
18894,002c736c,2014,ZRE181-0400033,3R3
18894,002c736c,2014,ZRE181-0400005,1G3
18894,002c736c,2014,ZRE181-0400868,8T7
18897,002c7426,2014,ZRE181-0005003,040
18897,002c7426,2014,ZRE181-0005001,1F7
18897,002c7426,2014,ZRE181-0005330,209
18897,002c7426,2014,ZRE181-0400004,4V8
18897,002c7426,2014,ZRE181-0400019,3R3
18897,002c7426,2014,ZRE181-0400008,1G3
18897,002c7426,2014,ZRE181-0400003,8T7
2965,002b4016,2007,ZRE152-0003003,1F7
2965,002b4016,2007,ZRE152-0003001,209
2965,002b4016,2007,ZRE152-0003471,040
2965,002b4016,2007,ZRE152-0006342,3R3
2965,002b4016,2007,ZRE152-0004759,4Q2
2965,002b4016,2007,ZRE152-0006320,8S6
3075,002b30d4,2007,ZRE152-0003347,1F7
3075,002b30d4,2007,ZRE152-0003318,209
3075,002b30d4,2007,ZRE152-0003143,040
3075,002b30d4,2007,ZRE152-0004357,3R3
3075,002b30d4,2007,ZRE152-0004735,8S6
3075,002b30d4,2007,ZRE152-0005614,4Q2
4113,002b2dec,2008,ZRE152-0087602,1F7
4113,002b2dec,2008,ZRE152-0088061,209
4113,002b2dec,2008,ZRE152-0088065,040
4113,002b2dec,2008,ZRE152-0087810,3R3
4113,002b2dec,2008,ZRE152-0088071,4Q2
4113,002b2dec,2008,ZRE152-0088561,8S6
12176,002b2ea6,2012,ZRE152-0360638,1F7
12176,002b2ea6,2012,ZRE152-0360827,209
12176,002b2ea6,2012,ZRE152-0360555,040
12176,002b2ea6,2012,ZRE152-0360595,4U3
12176,002b2ea6,2012,ZRE152-0361151,1G3
12176,002b2ea6,2012,ZRE152-0361792,3R3
12176,002b2ea6,2013,ZRE152-3506596,
18898,002c99ee,2014,ZRE182-0400004,040
18898,002c99ee,2014,ZRE182-0400005,1F7
18898,002c99ee,2014,ZRE182-0400076,209
18898,002c99ee,2014,ZRE182-0400001,4V8
18898,002c99ee,2014,ZRE182-0402806,3R3
18898,002c99ee,2014,ZRE182-0400009,1G3
18898,002c99ee,2014,ZRE182-0402218,8T7
8607,002b452c,2010,ZRE152-0288326,1F7
8607,002b452c,2010,ZRE152-0288440,209
8607,002b452c,2010,ZRE152-0288305,040
8607,002b452c,2010,ZRE152-0288427,1G3
8607,002b452c,2010,ZRE152-0288489,3R3
8607,002b452c,2012,ZRE152-0360557,4U3
8607,002b452c,2010,ZRE152-0288502,8S6
12177,002b452c,2012,ZRE152-0360580,1F7
12177,002b452c,2012,ZRE152-0360575,040
12177,002b452c,2012,ZRE152-0360562,209
12177,002b452c,2012,ZRE152-0359844,4U3
12177,002b452c,2012,ZRE152-0360664,3R3
12177,002b452c,2012,ZRE152-0360660,1G3
12177,002b452c,2012,ZRE152-0361119,8S6
15154,002b452c,2012,ZRE152-0360580,1F7
15154,002b452c,2012,ZRE152-0360575,040
15154,002b452c,2012,ZRE152-0360562,209
15154,002b452c,2012,ZRE152-0359844,4U3
15154,002b452c,2012,ZRE152-0360664,3R3
15154,002b452c,2012,ZRE152-0360660,1G3
15154,002b452c,2012,ZRE152-0361119,8S6
18899,002ca360,2014,ZRE182-0400006,040
18899,002ca360,2014,ZRE182-0400010,1F7
18899,002ca360,2014,ZRE182-0400032,4V8
18899,002ca360,2014,ZRE182-0400015,209
18899,002ca360,2014,ZRE182-0400059,3R3
18899,002ca360,2014,ZRE182-0400003,1G3
18899,002ca360,2014,ZRE182-0400256,8T7
18900,002ca930,2014,ZRE182-0400002,040
18900,002ca930,2014,ZRE182-0400008,1F7
18900,002ca930,2016,ZRE182-0004023,4V8
18900,002ca930,2014,ZRE182-0400509,209
18900,002ca930,2014,ZRE182-0400020,3R3
18900,002ca930,2016,ZRE182-0004024,1G3
18900,002ca930,2014,ZRE182-0400127,8T7
24018,002d926a,2015,ZWE182-0003040,040
24018,002d926a,2015,ZWE182-0003007,784
24018,002d926a,2015,ZWE182-0003012,1F7
24018,002d926a,2015,ZWE182-0004320,4V8
24018,002d926a,2015,ZWE182-0004563,209
24018,002d926a,2015,ZWE182-0003381,3R3
24018,002d926a,2015,ZWE182-0004843,8T7
24018,002d926a,2017,ZWE182-0051462,070
16749,002d1572,2013,ZSA42-3001014,040
16749,002d1572,2013,ZSA42-3001030,209
16749,002d1572,2013,ZSA42-3001039,1F7
16749,002d1572,2013,ZSA42-3001028,4U3
16749,002d1572,2013,ZSA42-3001085,4V8
16749,002d1572,2013,ZSA42-3001061,4R8
16749,002d1572,2013,ZSA42-3001143,3R3
16749,002d1572,2014,ZSA42-3048698,070
16748,002d26e2,2013,ZSA42-3001012,040
16748,002d26e2,2013,ZSA42-3001011,209
16748,002d26e2,2013,ZSA42-3001017,4U3
16748,002d26e2,2013,ZSA42-3001013,4V8
16748,002d26e2,2013,ZSA42-3001035,1F7
16748,002d26e2,2013,ZSA42-3001018,4R8
16748,002d26e2,2013,ZSA42-3001016,3R3
16748,002d26e2,2014,ZSA42-3048688,070
21138,002d26e2,2014,ZSA42-3048824,070
21138,002d26e2,2014,ZSA42-3048822,4U3
21138,002d26e2,2014,ZSA42-3048948,4V8
21138,002d26e2,2014,ZSA42-3048887,209
21138,002d26e2,2014,ZSA42-3048843,1F7
21138,002d26e2,2014,ZSA42-3048850,4R8
21138,002d26e2,2014,ZSA42-3048902,3R3
21139,002d1e2a,2014,ZSA42-3048691,070
21139,002d1e2a,2014,ZSA42-3048693,4U3
21139,002d1e2a,2014,ZSA42-3048684,4V8
21139,002d1e2a,2014,ZSA42-3048687,209
21139,002d1e2a,2014,ZSA42-3048690,1F7
21139,002d1e2a,2014,ZSA42-3048682,4R8
21139,002d1e2a,2014,ZSA42-3048683,3R3
16747,002d5106,2013,ZSA44-3001013,040
16747,002d5106,2013,ZSA44-3001036,209
16747,002d5106,2013,ZSA44-3001029,4U3
16747,002d5106,2013,ZSA44-3001063,4R8
16747,002d5106,2013,ZSA44-3001103,4V8
16747,002d5106,2013,ZSA44-3001025,1F7
16747,002d5106,2013,ZSA44-3001137,3R3
16747,002d5106,2014,ZSA44-3062447,070
16746,002d4e1e,2013,ZSA44-3001012,040
16746,002d4e1e,2013,ZSA44-3001032,4U3
16746,002d4e1e,2013,ZSA44-3001023,209
16746,002d4e1e,2013,ZSA44-3001057,4V8
16746,002d4e1e,2013,ZSA44-3001028,4R8
16746,002d4e1e,2013,ZSA44-3001021,1F7
16746,002d4e1e,2013,ZSA44-3001101,3R3
16746,002d4e1e,2014,ZSA44-3062445,070
21141,002d4e1e,2014,ZSA44-3062559,070
21141,002d4e1e,2014,ZSA44-3062611,4U3
21141,002d4e1e,2014,ZSA44-3062442,4V8
21141,002d4e1e,2014,ZSA44-3062609,209
21141,002d4e1e,2014,ZSA44-3062600,1F7
21141,002d4e1e,2014,ZSA44-3062790,4R8
21141,002d4e1e,2014,ZSA44-3063175,3R3
5095,00004164,2009,ACA37-0002009,1F7
5095,00004164,2009,ACA37-0002020,040
5095,00004164,2009,ACA37-0013477,209
5095,00004164,2009,ACA37-0002058,3R3
5095,00004164,2009,ACA37-0002165,8S6
5095,00004164,2009,ACA37-0002005,4T8
5095,00004164,2011,ACA37-0080478,1G3
10669,0000421e,2011,ACA37-0100090,040
10669,0000421e,2011,ACA37-0100089,1F7
10669,0000421e,2011,ACA37-0100099,209
10669,0000421e,2011,ACA37-0100229,4U3
10669,0000421e,2011,ACA37-0100214,1G3
10669,0000421e,2011,ACA37-0100226,3R3
15155,0000421e,2013,ACA37-0176505,040
15155,0000421e,2013,ACA37-0176519,1F7
15155,0000421e,2013,ACA37-0176512,209
15155,0000421e,2013,ACA37-0176532,4U3
15155,0000421e,2013,ACA37-0176545,3R3
15155,0000421e,2013,ACA37-0176590,1G3
10673,0000421e,2011,ACA37-0100088,040
10673,0000421e,2011,ACA37-0100094,1F7
10673,0000421e,2011,ACA37-0100091,209
10673,0000421e,2011,ACA37-0100191,4U3
10673,0000421e,2011,ACA37-0100155,3R3
10673,0000421e,2011,ACA37-0100100,1G3
10668,00003dc2,2011,ACA37-0100093,040
10668,00003dc2,2011,ACA37-0100181,1F7
10668,00003dc2,2011,ACA37-0100193,209
10668,00003dc2,2011,ACA37-0101658,4U3
10668,00003dc2,2011,ACA37-0100861,1G3
10668,00003dc2,2011,ACA37-0100610,3R3
5099,00002f3a,2009,ACA33-0002006,1F7
5099,00002f3a,2009,ACA33-0002004,040
5099,00002f3a,2009,ACA33-0027048,209
5099,00002f3a,2009,ACA33-0002014,3R3
5099,00002f3a,2009,ACA33-0002059,8S6
5099,00002f3a,2009,ACA33-0002002,4T8
5099,00002f3a,2011,ACA33-0104769,1G3
10675,00002ff4,2011,ACA33-0121487,040
10675,00002ff4,2011,ACA33-0121481,1F7
10675,00002ff4,2011,ACA33-0121505,209
10675,00002ff4,2011,ACA33-0121581,4U3
10675,00002ff4,2011,ACA33-0121502,1G3
10675,00002ff4,2011,ACA33-0121484,3R3
12180,00002ff4,2012,ACA33-0148788,040
12180,00002ff4,2012,ACA33-0148145,4U3
12180,00002ff4,2012,ACA33-0148589,1F7
12180,00002ff4,2012,ACA33-0148606,209
12180,00002ff4,2012,ACA33-0148622,3R3
12180,00002ff4,2012,ACA33-0148723,1G3
15157,00002ff4,2011,ACA33-0121479,040
15157,00002ff4,2011,ACA33-0121519,1F7
15157,00002ff4,2011,ACA33-0122022,4U3
15157,00002ff4,2011,ACA33-0121617,209
15157,00002ff4,2011,ACA33-0121969,3R3
15157,00002ff4,2011,ACA33-0121791,1G3
16745,00030684,2013,ASA44-3001024,040
16745,00030684,2014,ASA44-3064296,070
16745,00030684,2013,ASA44-3001021,4U3
16745,00030684,2013,ASA44-3001134,4V8
16745,00030684,2016,ASA44-3000029,209
16745,00030684,2013,ASA44-3001028,4R8
16745,00030684,2013,ASA44-3001049,1F7
16745,00030684,2013,ASA44-3001189,3R3
16744,0003016e,2013,ASA44-3001034,040
16744,0003016e,2013,ASA44-3001063,4U3
16744,0003016e,2013,ASA44-3001073,4R8
16744,0003016e,2013,ASA44-3001160,4V8
16744,0003016e,2013,ASA44-3001051,209
16744,0003016e,2013,ASA44-3001023,1F7
16744,0003016e,2013,ASA44-3001256,3R3
15767,000307f8,2013,ASA44-3001044,040
15767,000307f8,2013,ASA44-3001025,4R8
15767,000307f8,2013,ASA44-3001026,4U3
15767,000307f8,2013,ASA44-3001061,4V8
15767,000307f8,2013,ASA44-3001822,209
15767,000307f8,2013,ASA44-3001022,3R3
15767,000307f8,2016,ASA44-3000030,070
15767,000307f8,2013,ASA44-3001212,1F7
21143,0003016e,2014,ASA44-3064306,070
21143,0003016e,2014,ASA44-3063850,4U3
21143,0003016e,2014,ASA44-3064326,4V8
21143,0003016e,2014,ASA44-3064297,209
21143,0003016e,2014,ASA44-3064328,4R8
21143,0003016e,2014,ASA44-3063731,1F7
21143,0003016e,2014,ASA44-3064305,3R3
27122,000307f8,2016,ASA44-3094687,070
27122,000307f8,2016,ASA44-3095523,4V8
27122,000307f8,2016,ASA44-3095573,209
27122,000307f8,2016,ASA44-3094685,3T0
27122,000307f8,2016,ASA44-3000031,8X7
27122,000307f8,2016,ASA44-3094695,4U3
27122,000307f8,2016,ASA44-3097384,4R8
22040,0003415e,2015,ASU50-G004481,218
22040,0003415e,2015,ASU50-G004545,1D4
22042,00033fea,2015,ASU50-G002004,218
22042,00033fea,2015,ASU50-G002009,070
22042,00033fea,2015,ASU50-G002326,3T0
22042,00033fea,2015,ASU50-G002330,1G3
22042,00033fea,2015,ASU50-G002003,1D4
22045,00034446,2015,ASU55-G002007,070
22045,00034446,2015,ASU55-G002010,218
22045,00034446,2015,ASU55-G002003,3T0
22045,00034446,2015,ASU55-G002001,1G3
22045,00034446,2015,ASU55-G002029,1D4
22047,000342d2,2015,ASU55-G002005,070
22047,000342d2,2015,ASU55-G002002,218
22047,000342d2,2015,ASU55-G002341,3T0
22047,000342d2,2015,ASU55-G002187,1G3
22047,000342d2,2015,ASU55-G002513,1D4
30497,000342d2,2017,ASU55-G159064,070
30497,000342d2,2017,ASU55-G159036,218
30497,000342d2,2017,ASU55-G159390,3T0
30497,000342d2,2017,ASU55-G162578,1G3
30497,000342d2,2017,ASU55-G160816,1D4
13034,00033732,2012,ASU40-G400508,202
13034,00033732,2012,ASU40-G400514,070
13034,00033732,2012,ASU40-G400845,1D4
13034,00033732,2012,ASU40-G403590,1G3
13034,00033732,2012,ASU40-G400506,4T8
13034,00033732,2013,ASU40-G503490,3R3
13034,00033732,2012,ASU40-G404588,6V2
13034,00033732,2012,ASU40-G402359,8S6
13506,00033732,2012,ASU40-G400502,202
13506,00033732,2012,ASU40-G400553,070
13506,00033732,2012,ASU40-G401106,1D4
13506,00033732,2012,ASU40-G403676,1G3
13506,00033732,2012,ASU40-G401133,4T8
13506,00033732,2013,ASU40-G506779,3R3
13506,00033732,2012,ASU40-G414867,8S6
13506,00033732,2012,ASU40-G427867,6V2
13035,00033a1a,2012,ASU40-G400501,202
13035,00033a1a,2012,ASU40-G400524,070
13035,00033a1a,2012,ASU40-G400510,1D4
13035,00033a1a,2012,ASU40-G400810,1G3
13035,00033a1a,2012,ASU40-G419742,4T8
13035,00033a1a,2013,ASU40-G509511,3R3
13035,00033a1a,2012,ASU40-G428144,8S6
13036,00033a1a,2012,ASU40-G400507,202
13036,00033a1a,2012,ASU40-G400516,070
13036,00033a1a,2012,ASU40-G400533,1G3
13036,00033a1a,2012,ASU40-G400505,1D4
13036,00033a1a,2012,ASU40-G400559,4T8
13036,00033a1a,2013,ASU40-G503632,3R3
13036,00033a1a,2012,ASU40-G400974,8S6
13036,00033a1a,2012,ASU40-G427618,6V2
12989,0003344a,2012,ASU40-G400511,202
12989,0003344a,2012,ASU40-G400503,070
12989,0003344a,2012,ASU40-G400867,1D4
12989,0003344a,2012,ASU40-G400731,1G3
12989,0003344a,2012,ASU40-G419328,4T8
12989,0003344a,2012,ASU40-G409338,8S6
12989,0003344a,2013,ASU40-G515244,3R3
16364,00033732,2012,ASU40-G400508,202
16364,00033732,2012,ASU40-G400514,070
16364,00033732,2012,ASU40-G400845,1D4
16364,00033732,2012,ASU40-G403590,1G3
16364,00033732,2012,ASU40-G400506,4T8
16364,00033732,2013,ASU40-G503490,3R3
16364,00033732,2012,ASU40-G404588,6V2
16364,00033732,2012,ASU40-G402359,8S6
16365,0003344a,2012,ASU40-G400511,202
16365,0003344a,2012,ASU40-G400503,070
16365,0003344a,2012,ASU40-G400867,1D4
16365,0003344a,2012,ASU40-G400731,1G3
16365,0003344a,2012,ASU40-G419328,4T8
16365,0003344a,2012,ASU40-G409338,8S6
16365,0003344a,2013,ASU40-G515244,3R3
5283,000d29cc,2009,GSU45-G001040,202
5283,000d29cc,2009,GSU45-G001366,070
5283,000d29cc,2009,GSU45-G001320,1G3
5283,000d29cc,2009,GSU45-G001039,1D4
5283,000d29cc,2009,GSU45-G003107,8S6
5283,000d29cc,2009,GSU45-G004124,4T8
5283,000d29cc,2012,GSU45-G040056,6V2
13037,000d2858,2012,GSU45-G400502,202
13037,000d2858,2012,GSU45-G400508,070
13037,000d2858,2012,GSU45-G401027,1D4
13037,000d2858,2012,GSU45-G403729,6V2
13037,000d2858,2012,GSU45-G401259,1G3
13037,000d2858,2012,GSU45-G400631,4T8
13037,000d2858,2013,GSU45-G412160,3R3
13037,000d2858,2012,GSU45-G404969,8S6
13000,000d2a86,2012,GSU45-G400507,202
13000,000d2a86,2012,GSU45-G400510,070
13000,000d2a86,2012,GSU45-G403715,6V2
13000,000d2a86,2012,GSU45-G400505,1G3
13000,000d2a86,2012,GSU45-G400531,1D4
13000,000d2a86,2012,GSU45-G400576,4T8
13000,000d2a86,2012,GSU45-G400653,8S6
13000,000d2a86,2014,GSU45-G415742,3R3
23574,0002d804,2015,ARS212-0002022,202
23574,0002d804,2015,ARS212-0002044,062
23574,0002d804,2015,ARS212-0002023,1F7
23574,0002d804,2015,ARS212-0002026,4X5
23574,0002d804,2015,ARS212-0002096,1H1
23574,0002d804,2015,ARS212-0002018,3Q3
23574,0002d804,2017,ARS212-0041908,8T7
32857,0002d3a8,2017,ARS212-0001028,202
32857,0002d8be,2017,ARS212-0001029,062
32857,0002d5d6,2017,ARS212-0001031,4X5
32857,0002d8be,2017,ARS212-0001025,8X8
32857,0002d8be,2017,ARS212-0001027,3R0
32857,0002d5d6,2017,ARS212-0062338,1F7
6651,000c9f06,2009,GRS208-0002501,202
6651,000c9f06,2009,GRS208-0002519,1G7
6651,000c9f06,2009,GRS208-0002503,062
6651,000c9f06,2009,GRS208-0002578,3R0
6651,000c9f06,2009,GRS208-0002789,8S6
10445,000c9f06,2010,GRS208-0013577,202
10445,000c9f06,2010,GRS208-0013512,1G7
10445,000c9f06,2010,GRS208-0013634,062
10445,000c9f06,2010,GRS208-0015067,3R0
10445,000c9f06,2011,GRS208-0051764,1H4
10445,000c9f06,2010,GRS208-0016289,8S6
13460,000c9fc0,2012,GRS208-0082922,202
13460,000c9fc0,2012,GRS208-0082954,3R0
13460,000c9fc0,2012,GRS208-0082944,062
13460,000c9fc0,2012,GRS208-0082963,1G7
13460,000c9fc0,2012,GRS208-0082930,1H4
13460,000c9fc0,2012,GRS208-0082932,8S6
13445,000c9fc0,2012,GRS208-0082923,202
13445,000c9fc0,2012,GRS208-0082913,062
13445,000c9fc0,2012,GRS208-0082943,3R0
13445,000c9fc0,2012,GRS208-0082952,1G7
13445,000c9fc0,2012,GRS208-0082935,1H4
13445,000c9fc0,2012,GRS208-0082937,8S6
21300,000ca41c,2015,GRS218-0002002,062
21300,000ca41c,2015,GRS218-0002025,202
21300,000ca41c,2015,GRS218-0002001,1F7
21300,000ca41c,2015,GRS218-0002554,1H1
21300,000ca41c,2015,GRS218-0002358,3Q3
6318,000c9cd8,2009,GRS202-0016518,202
6318,000c9cd8,2009,GRS202-0016520,1G7
6318,000c9cd8,2009,GRS202-0016706,062
6318,000c9cd8,2009,GRS202-0016505,3R0
6318,000c9cd8,2009,GRS202-0016506,8S6
8207,-,,-,-
7561,001879e0,2018,MAXA10-G001008,070
7561,001879e0,2018,MAXA10-G001083,2QJ
7561,001879e0,2018,MAXA10-G001101,2QL
7561,001879e0,2018,MAXA10-G002302,3R3
7561,001879e0,2018,MAXA10-G001014,6W9
7561,001879e0,2018,MAXA10-G002006,218
7561,0002c520,2010,ANH20-8130263,202
7561,001879e0,2018,MAXA10-G001156,2NJ
7561,0002c520,2010,ANH20-8110470,1F7
7561,001879e0,2018,MAXA10-G002011,6W2
7561,001879e0,2018,MAXA10-G001136,2QM
7561,0002c520,2010,ANH20-8144328,4U1
7561,001879e0,2018,MAXA10-G001064,2QK
7561,001879e0,2018,MAXA10-G001104,2QH
7561,0002c520,2010,ANH20-8144395,4T8
7561,0002c520,2010,ANH20-8147774,8S6
7561,0002c5da,2012,ANH20-8211871,8P8
9909,0029e356,2011,ZGR20-G002006,1D4
9909,0029e356,2011,ZGR20-G002001,070
9909,0029e356,2011,ZGR20-G002004,202
9909,0029e356,2011,ZGR20-G002577,1G3
9909,0029e356,2011,ZGR20-G002003,4T8
9909,0029e356,2011,ZGR20-G002002,8S6
9910,0029e926,2011,ZGR21-G002009,1D4
9910,0029e926,2011,ZGR21-G002016,070
9910,0029e926,2011,ZGR21-G002007,202
9910,0029e926,2011,ZGR21-G002004,1G3
9910,0029e926,2011,ZGR21-G004299,4T8
9910,0029e926,2011,ZGR21-G003854,8S6
9911,0029e9e0,2011,ZGR21-G002025,1D4
9911,0029e9e0,2011,ZGR21-G002020,070
9911,0029e9e0,2011,ZGR21-G002005,202
9911,0029e9e0,2011,ZGR21-G003739,1G3
9911,0029e9e0,2011,ZGR21-G003942,4T8
9911,0029e9e0,2011,ZGR21-G004333,8S6
9912,0029e9e0,2011,ZGR21-G002014,1D4
9912,0029e9e0,2011,ZGR21-G002010,070
9912,0029e9e0,2011,ZGR21-G002008,202
9912,0029e9e0,2011,ZGR21-G002006,1G3
9912,0029e9e0,2011,ZGR21-G004030,4T8
9912,0029e9e0,2011,ZGR21-G004504,8S6
9913,0029e63e,2011,ZGR21-G002001,1D4
9913,0029e63e,2011,ZGR21-G002017,070
9913,0029e63e,2011,ZGR21-G002030,202
9913,0029e63e,2011,ZGR21-G002199,1G3
9913,0029e63e,2011,ZGR21-G003740,4T8
9913,0029e63e,2011,ZGR21-G004205,8S6
17101,0029e926,2013,ZGR21-G045569,070
17101,0029e926,2013,ZGR21-G045572,1D4
17101,0029e926,2013,ZGR21-G045574,218
17101,0029e926,2013,ZGR21-G045579,1G3
17101,0029e926,2013,ZGR21-G045571,3R3
17101,0029e926,2013,ZGR21-G045587,4T8
17103,0029e9e0,2013,ZGR21-G045576,070
17103,0029e9e0,2013,ZGR21-G045623,1D4
17103,0029e9e0,2013,ZGR21-G047442,218
17103,0029e9e0,2013,ZGR21-G045993,1G3
17103,0029e9e0,2013,ZGR21-G045566,3R3
17103,0029e9e0,2013,ZGR21-G047994,4T8
17106,0029e63e,2013,ZGR21-G045601,1D4
17106,0029e63e,2013,ZGR21-G045673,070
17106,0029e63e,2013,ZGR21-G047899,218
17106,0029e63e,2013,ZGR21-G047970,1G3
17106,0029e63e,2013,ZGR21-G049446,4T8
17106,0029e63e,2013,ZGR21-G050526,3R3
20424,0029e926,2013,ZGR21-G045569,070
20424,0029e926,2013,ZGR21-G045572,1D4
20424,0029e926,2013,ZGR21-G045574,218
20424,0029e926,2013,ZGR21-G045579,1G3
20424,0029e926,2013,ZGR21-G045571,3R3
20424,0029e926,2013,ZGR21-G045587,4T8
9018,0029ec0e,2011,ZGR22-G002006,1D4
9018,0029ec0e,2011,ZGR22-G002004,070
9018,0029ec0e,2011,ZGR22-G002003,202
9018,0029ec0e,2011,ZGR22-G002001,4T8
9018,0029ec0e,2011,ZGR22-G002076,1G3
9018,0029ec0e,2011,ZGR22-G002106,8S6
9197,-,,-,-
17578,-,,-,-
10179,-,,-,-
11443,0029f7ae,2013,ZN6AC-9013557,37J
11443,0029f7ae,2012,ZN6AC-9013233,H8R
11443,0029f7ae,2012,ZN6AC-9013043,C7P
11443,0029f7ae,2013,ZN6AC-9013543,D4S
11443,0029f7ae,2013,ZN6AC-9015307,E8H
11443,0029f7ae,2013,ZN6AC-9014705,61K
11443,0029f7ae,2013,ZN6AC-9015577,D6S
14934,0029f6f4,2012,ZN6AC-9013240,37J
14934,0029f6f4,2012,ZN6AC-9013254,H8R
14934,0029f6f4,2012,ZN6AC-9013040,C7P
14934,0029f6f4,2012,ZN6AC-9013259,D4S
14934,0029f6f4,2013,ZN6AC-9013643,E8H
14934,0029f6f4,2013,ZN6AC-9014132,61K
14934,0029f6f4,2013,ZN6AC-9015021,D6S
16763,001c0842,2013,NSP150-G002008,040
16763,001c0842,2013,NSP150-G002010,3R3
16763,001c0842,2013,NSP150-G002004,8V6
16763,001c0842,2013,NSP150-G002007,1D4
16763,001c0842,2013,NSP150-G002044,6W5
16763,001c0842,2013,NSP150-G002003,1G3
16763,001c0842,2013,NSP150-G002006,218
16761,001c032c,2013,NSP150-G002001,040
16761,001c032c,2014,NSP150-G002069,3R3
16761,001c032c,2013,NSP150-G002401,8V6
16761,001c032c,2013,NSP150-G002368,1D4
16761,001c032c,2013,NSP150-G003044,1G3
16761,001c032c,2013,NSP150-G002479,6W5
16761,001c032c,2013,NSP150-G003003,218
16766,001c4bd4,2013,NSP151-G002012,040
16766,001c4bd4,2013,NSP151-G002009,3R3
16766,001c4bd4,2013,NSP151-G002043,8V6
16766,001c4bd4,2013,NSP151-G002002,6W5
16766,001c4bd4,2013,NSP151-G002093,1D4
16766,001c4bd4,2013,NSP151-G002179,1G3
16766,001c4bd4,2013,NSP151-G002032,218
16765,001c4c8e,2013,NSP151-G002010,040
16765,001c4c8e,2013,NSP151-G002008,3R3
16765,001c4c8e,2013,NSP151-G002004,8V6
16765,001c4c8e,2013,NSP151-G002018,1D4
16765,001c4c8e,2013,NSP151-G002007,6W5
16765,001c4c8e,2013,NSP151-G002058,1G3
16765,001c4c8e,2013,NSP151-G002034,218
16765,001c4c8e,2016,NSP151-G103512,4R8
20701,001c4d48,2014,NSP151-G033804,040
20701,001c4d48,2014,NSP151-G033978,3R3
20701,001c4d48,2014,NSP151-G033936,8V6
20701,001c4d48,2014,NSP151-G033934,1D4
20701,001c4d48,2015,NSP151-G090238,4R8
20701,001c4d48,2014,NSP151-G034061,218
20701,001c4d48,2014,NSP151-G034027,6W5
20701,001c4d48,2014,NSP151-G033986,1G3
16764,001c4778,2013,NSP151-G002003,040
16764,001c4778,2013,NSP151-G002006,3R3
16764,001c4778,2013,NSP151-G002080,8V6
16764,001c4778,2013,NSP151-G002001,1D4
16764,001c4778,2013,NSP151-G002039,1G3
16764,001c4778,2013,NSP151-G002033,6W5
16764,001c4778,2013,NSP151-G002020,218
16764,001c4778,2015,NSP151-G055588,4R8
27313,001c4f76,2016,NSP151-G001039,040
27313,001c4f76,2016,NSP151-G001042,3R3
27313,001c4f76,2016,NSP151-G001031,6W2
27313,001c4f76,2016,NSP151-G001032,1D4
27313,001c4f76,2016,NSP151-G001048,8V6
27313,001c4f76,2016,NSP151-G001035,218
27313,001c4f76,2016,NSP151-G001028,4R8
26330,001c582e,2016,NSP151-G001049,040
26330,001c582e,2016,NSP151-G001037,3R3
26330,001c582e,2016,NSP151-G001051,6W2
26330,001c582e,2016,NSP151-G001030,8V6
26330,001c582e,2016,NSP151-G001043,4R8
26330,001c582e,2016,NSP151-G001040,1D4
26330,001c582e,2016,NSP151-G001033,218
28127,001bbf9a,2016,NRE181-G001003,070
28127,001bbf9a,2016,NRE181-G001002,4U3
28127,001bbf9a,2016,NRE181-G001009,218
28127,001bbf9a,2016,NRE181-G001013,3R3
28127,001bbf9a,2016,NRE181-G001007,1D4
28127,001bbf9a,2016,NRE181-G001011,4R8
28127,001bbf9a,2016,NRE181-G001025,8T7
19209,002c4da4,2014,ZRE181-G002001,070
19209,002c4da4,2014,ZRE181-G002002,218
19209,002c4da4,2014,ZRE181-G002050,1D4
19209,002c4da4,2014,ZRE181-G002015,1G3
19209,002c4da4,2016,ZRE181-G183429,8T7
19210,002c4f18,2014,ZRE181-G002020,070
19210,002c4f18,2014,ZRE181-G002011,218
19210,002c4f18,2014,ZRE181-G002022,3R3
19210,002c4f18,2014,ZRE181-G002005,1D4
19210,002c4f18,2014,ZRE181-G002004,4R8
19210,002c4f18,2014,ZRE181-G002029,1G3
19210,002c4f18,2014,ZRE181-G002034,8T7
19211,002c8b66,2014,ZRE182-G002004,070
19211,002c8b66,2014,ZRE182-G002013,218
19211,002c8b66,2014,ZRE182-G002017,3R3
19211,002c8b66,2014,ZRE182-G002024,1D4
19211,002c8b66,2014,ZRE182-G002034,4R8
19211,002c8b66,2014,ZRE182-G002033,1G3
19211,002c8b66,2014,ZRE182-G002010,8T7
19221,002c8b66,2014,ZRE182-G002003,070
19221,002c8b66,2014,ZRE182-G002007,4R8
19221,002c8b66,2014,ZRE182-G002012,3R3
19221,002c8b66,2014,ZRE182-G002021,218
19221,002c8b66,2014,ZRE182-G002026,1D4
19221,002c8b66,2014,ZRE182-G002009,8T7
19221,002c8b66,2014,ZRE182-G002008,1G3
19221,002c8b66,2016,ZRE182-G024591,4U3
18920,002c8e4e,2014,ZRE182-G002011,070
18920,002c8e4e,2014,ZRE182-G002001,4R8
18920,002c8e4e,2014,ZRE182-G002006,3R3
18920,002c8e4e,2014,ZRE182-G002015,218
18920,002c8e4e,2014,ZRE182-G002031,1D4
18920,002c8e4e,2014,ZRE182-G002020,1G3
18920,002c8e4e,2014,ZRE182-G002002,8T7
22461,002d8c9a,2015,ZWE182-G002013,070
22461,002d8c9a,2015,ZWE182-G002002,9AH
22461,002d8c9a,2015,ZWE182-G002097,218
22461,002d8c9a,2015,ZWE182-G002010,1D4
22461,002d8c9a,2015,ZWE182-G002044,3R3
22461,002d8c9a,2015,ZWE182-G002005,8T7
22461,002d8c9a,2015,ZWE182-G002397,4R8
22461,002d8c9a,2016,ZWE182-G019428,4U3
30389,002d8610,2017,ZWE182-G044177,070
30389,002d8610,2017,ZWE182-G044176,9AH
30389,002d8610,2017,ZWE182-G044200,218
30389,002d8610,2017,ZWE182-G044192,1D4
30389,002d8610,2017,ZWE182-G044184,4R8
30389,002d8610,2017,ZWE182-G044174,3R3
30389,002d8610,2017,ZWE182-G044195,8X7
30389,002d8610,2017,ZWE182-G044198,4U3
30264,002d8d54,2017,ZWE182-G034465,070
30264,002d8d54,2017,ZWE182-G034905,9AH
30264,002d8d54,2017,ZWE182-G044446,218
30264,002d8d54,2017,ZWE182-G045445,1D4
30264,002d8d54,2017,ZWE182-G044472,3R3
30264,002d8d54,2017,ZWE182-G034576,8X7
30264,002d8d54,2017,ZWE182-G039691,4U3
30264,002d8d54,2017,ZWE182-G046956,4R8
28517,001c431c,2016,NSP151-G160671,040
28517,001c431c,2016,NSP151-G160660,3R3
28517,001c431c,2016,NSP151-G160334,8W7
28517,001c431c,2016,NSP151-G160655,070
28517,001c431c,2017,NSP151-G177371,1D4
28517,001c431c,2017,NSP151-G176850,218
28517,001c431c,2016,NSP151-G161311,4R8
34988,00187926,2018,MAXA10-G001009,070
34988,00187926,2018,MAXA10-G001011,2QJ
34988,00187926,2018,MAXA10-G001015,2QL
34988,00187926,2018,MAXA10-G001021,3R3
34988,00187926,2018,MAXA10-G001062,6W9
34988,00187926,2018,MAXA10-G001056,218
34988,00187926,2018,MAXA10-G001004,2NJ
34988,00187926,2018,MAXA10-G001027,2QM
34988,00187926,2018,MAXA10-G001058,6W2
34988,00187926,2018,MAXA10-G001033,2QK
34988,00187926,2018,MAXA10-G001031,2QH
36767,001876f8,2018,MAXA10-0002010,070
36767,001876f8,2018,MAXA10-0002006,1K0
36767,001876f8,2018,MAXA10-0002005,2PN
36767,001876f8,2018,MAXA10-0002028,2KR
36767,001876f8,2018,MAXA10-0002035,209
36767,001876f8,2018,MAXA10-0002008,2QG
36767,001876f8,2018,MAXA10-0002015,4U3
36767,001876f8,2018,MAXA10-0002016,2NE
36767,001876f8,2018,MAXA10-0002009,2ND
33016,0018763e,2018,MAXA10-0002003,2PN
33016,0018763e,2018,MAXA10-0002013,070
33016,0018763e,2018,MAXA10-0002012,2KR
33016,0018763e,2018,MAXA10-0002020,1K0
33016,0018763e,2018,MAXA10-0002007,2QG
33016,0018763e,2018,MAXA10-0002011,209
33016,0018763e,2018,MAXA10-0002023,2NE
33016,0018763e,2018,MAXA10-0002031,4U3
33016,0018763e,2018,MAXA10-0002024,2ND
34520,002d9552,2019,ZWE183-G001021,791
34520,002d9552,2019,ZWE183-G001026,070
34520,002d9552,2019,ZWE183-G001062,1D4
34520,002d9552,2019,ZWE183-G001052,9AH
34520,002d9552,2019,ZWE183-G001022,3R3
34520,002d9552,2019,ZWE183-G001029,218
34520,002d9552,2019,ZWE183-G001033,8X7
