9072,1008204,无工信部-标准匹配
9072,1008188,无工信部-标准匹配
9072,1008172,无工信部-标准匹配
9072,1008208,无工信部-标准匹配
9072,1008192,无工信部-标准匹配
9072,1008206,无工信部-标准匹配
9072,1008190,无工信部-标准匹配
9072,1008174,无工信部-标准匹配
9072,1008198,无工信部-标准匹配
9072,1008182,无工信部-标准匹配
9072,1008166,无工信部-标准匹配
9072,1008210,无工信部-标准匹配
9072,1008194,无工信部-标准匹配
9072,1008178,无工信部-标准匹配
9072,1008200,无工信部-标准匹配
9072,1008184,无工信部-标准匹配
9072,1008168,无工信部-标准匹配
9072,1008202,无工信部-标准匹配
9072,1008186,无工信部-标准匹配
9072,1008170,无工信部-标准匹配
14179,40294,无工信部-标准匹配
14179,40292,无工信部-标准匹配
14179,40303,无工信部-标准匹配
14179,40293,无工信部-标准匹配
14179,40304,无工信部-标准匹配
14180,40294,无工信部-标准匹配
14180,40292,无工信部-标准匹配
14180,40303,无工信部-标准匹配
14180,40293,无工信部-标准匹配
14180,40304,无工信部-标准匹配
14181,40294,无工信部-标准匹配
14181,40292,无工信部-标准匹配
14181,40303,无工信部-标准匹配
14181,40293,无工信部-标准匹配
14181,40304,无工信部-标准匹配
14182,40294,无工信部-标准匹配
14182,40292,无工信部-标准匹配
14182,40303,无工信部-标准匹配
14182,40293,无工信部-标准匹配
14182,40304,无工信部-标准匹配
14183,40291,无工信部-标准匹配
14183,40288,无工信部-标准匹配
14183,40300,无工信部-标准匹配
14183,40301,无工信部-标准匹配
14183,40289,无工信部-标准匹配
14183,40302,无工信部-标准匹配
14183,40290,无工信部-标准匹配
14184,40291,无工信部-标准匹配
14184,40288,无工信部-标准匹配
14184,40300,无工信部-标准匹配
14184,40301,无工信部-标准匹配
14184,40289,无工信部-标准匹配
14184,40302,无工信部-标准匹配
14184,40290,无工信部-标准匹配
14185,40291,无工信部-标准匹配
14185,40288,无工信部-标准匹配
14185,40300,无工信部-标准匹配
14185,40301,无工信部-标准匹配
14185,40289,无工信部-标准匹配
14185,40302,无工信部-标准匹配
14185,40290,无工信部-标准匹配
14535,38173,无工信部-标准匹配
14535,37220,无工信部-标准匹配
14535,38174,无工信部-标准匹配
14633,41069,无工信部-标准匹配
14633,41070,无工信部-标准匹配
14633,41071,无工信部-标准匹配
14634,41072,无工信部-标准匹配
14634,38952,无工信部-标准匹配
17766,11203,无工信部-标准匹配
17766,11204,无工信部-标准匹配
17766,11205,无工信部-标准匹配
17766,13804,无工信部-标准匹配
17766,13805,无工信部-标准匹配
17766,15439,无工信部-标准匹配
17766,15440,无工信部-标准匹配
17766,13806,无工信部-标准匹配
17766,15441,无工信部-标准匹配
17766,33665,无工信部-标准匹配
17766,18645,无工信部-标准匹配
17766,18597,无工信部-标准匹配
17766,18646,无工信部-标准匹配
17766,21716,无工信部-标准匹配
17766,21717,无工信部-标准匹配
17766,21718,无工信部-标准匹配
17766,33666,无工信部-标准匹配
17766,33667,无工信部-标准匹配
17766,27918,无工信部-标准匹配
17766,27337,无工信部-标准匹配
17766,27919,无工信部-标准匹配
17766,33668,无工信部-标准匹配
17767,41550,无工信部-标准匹配
17767,41551,无工信部-标准匹配
17768,41552,无工信部-标准匹配
17768,40601,无工信部-标准匹配
17769,41552,无工信部-标准匹配
17769,40601,无工信部-标准匹配
19798,1003380,无工信部-标准匹配
19798,1003381,无工信部-标准匹配
19798,1007900,无工信部-标准匹配
19798,1007901,无工信部-标准匹配
19799,1007905,无工信部-标准匹配
19799,1007904,无工信部-标准匹配
19941,1008282,无工信部-标准匹配
19941,1008262,无工信部-标准匹配
19941,1008266,无工信部-标准匹配
19941,1008281,无工信部-标准匹配
19941,1008261,无工信部-标准匹配
19941,1008265,无工信部-标准匹配
19941,1008278,无工信部-标准匹配
19941,1008274,无工信部-标准匹配
19941,1008270,无工信部-标准匹配
19943,1008282,无工信部-标准匹配
19943,1008262,无工信部-标准匹配
19943,1008266,无工信部-标准匹配
19943,1008281,无工信部-标准匹配
19943,1008261,无工信部-标准匹配
19943,1008265,无工信部-标准匹配
19943,1008278,无工信部-标准匹配
19943,1008274,无工信部-标准匹配
19943,1008270,无工信部-标准匹配
19947,1008203,无工信部-标准匹配
19947,1008187,无工信部-标准匹配
19947,1008171,无工信部-标准匹配
19947,1008207,无工信部-标准匹配
19947,1008191,无工信部-标准匹配
19947,1008175,无工信部-标准匹配
19947,1008205,无工信部-标准匹配
19947,1008189,无工信部-标准匹配
19947,1008173,无工信部-标准匹配
19947,1008197,无工信部-标准匹配
19947,1008181,无工信部-标准匹配
19947,1008165,无工信部-标准匹配
19947,1008209,无工信部-标准匹配
19947,1008193,无工信部-标准匹配
19947,1008177,无工信部-标准匹配
19947,1008199,无工信部-标准匹配
19947,1008183,无工信部-标准匹配
19947,1008167,无工信部-标准匹配
19947,1008211,无工信部-标准匹配
19947,1008195,无工信部-标准匹配
19947,1008179,无工信部-标准匹配
19947,1008201,无工信部-标准匹配
19947,1008185,无工信部-标准匹配
19947,1008169,无工信部-标准匹配
19948,1008203,无工信部-标准匹配
19948,1008187,无工信部-标准匹配
19948,1008171,无工信部-标准匹配
19948,1008207,无工信部-标准匹配
19948,1008191,无工信部-标准匹配
19948,1008175,无工信部-标准匹配
19948,1008205,无工信部-标准匹配
19948,1008189,无工信部-标准匹配
19948,1008173,无工信部-标准匹配
19948,1008197,无工信部-标准匹配
19948,1008181,无工信部-标准匹配
19948,1008165,无工信部-标准匹配
19948,1008209,无工信部-标准匹配
19948,1008193,无工信部-标准匹配
19948,1008177,无工信部-标准匹配
19948,1008199,无工信部-标准匹配
19948,1008183,无工信部-标准匹配
19948,1008167,无工信部-标准匹配
19948,1008211,无工信部-标准匹配
19948,1008195,无工信部-标准匹配
19948,1008179,无工信部-标准匹配
19948,1008201,无工信部-标准匹配
19948,1008185,无工信部-标准匹配
19948,1008169,无工信部-标准匹配
22312,40955,无工信部-标准匹配
22312,40956,无工信部-标准匹配
22312,40957,无工信部-标准匹配
22312,39263,无工信部-标准匹配
22312,39264,无工信部-标准匹配
22312,35182,无工信部-标准匹配
22312,39267,无工信部-标准匹配
22312,39268,无工信部-标准匹配
22312,35183,无工信部-标准匹配
22312,35623,无工信部-标准匹配
22312,39269,无工信部-标准匹配
22312,39270,无工信部-标准匹配
22312,39271,无工信部-标准匹配
22312,39272,无工信部-标准匹配
22312,35184,无工信部-标准匹配
22312,39273,无工信部-标准匹配
22312,39274,无工信部-标准匹配
22312,33271,无工信部-标准匹配
22312,40959,无工信部-标准匹配
22312,40960,无工信部-标准匹配
22312,40961,无工信部-标准匹配
22312,40962,无工信部-标准匹配
22312,40963,无工信部-标准匹配
22312,40893,无工信部-标准匹配
22312,40964,无工信部-标准匹配
22312,40965,无工信部-标准匹配
22312,40966,无工信部-标准匹配
22313,40955,无工信部-标准匹配
22313,40956,无工信部-标准匹配
22313,40957,无工信部-标准匹配
22313,39263,无工信部-精确匹配
22313,39263,无工信部-标准匹配
22313,39264,无工信部-精确匹配
22313,39264,无工信部-标准匹配
22313,35182,无工信部-精确匹配
22313,35182,无工信部-标准匹配
22313,39267,无工信部-精确匹配
22313,39267,无工信部-标准匹配
22313,39268,无工信部-精确匹配
22313,39268,无工信部-标准匹配
22313,35183,无工信部-精确匹配
22313,35183,无工信部-标准匹配
22313,35623,无工信部-精确匹配
22313,35623,无工信部-标准匹配
22313,39269,无工信部-精确匹配
22313,39269,无工信部-标准匹配
22313,39270,无工信部-精确匹配
22313,39270,无工信部-标准匹配
22313,39271,无工信部-精确匹配
22313,39271,无工信部-标准匹配
22313,39272,无工信部-精确匹配
22313,39272,无工信部-标准匹配
22313,35184,无工信部-精确匹配
22313,35184,无工信部-标准匹配
22313,39273,无工信部-精确匹配
22313,39273,无工信部-标准匹配
22313,39274,无工信部-精确匹配
22313,39274,无工信部-标准匹配
22313,33271,无工信部-精确匹配
22313,33271,无工信部-标准匹配
22313,40959,无工信部-标准匹配
22313,40960,无工信部-标准匹配
22313,40961,无工信部-标准匹配
22313,40962,无工信部-标准匹配
22313,40963,无工信部-标准匹配
22313,40893,无工信部-标准匹配
22313,40964,无工信部-标准匹配
22313,40965,无工信部-标准匹配
22313,40966,无工信部-标准匹配
22325,33903,无工信部-标准匹配
22325,33904,无工信部-标准匹配
22451,25230,无工信部-标准匹配
22451,25699,无工信部-标准匹配
22451,25231,无工信部-标准匹配
22451,28072,无工信部-标准匹配
22451,24552,无工信部-标准匹配
22451,25700,无工信部-标准匹配
22451,29794,无工信部-标准匹配
22451,29796,无工信部-标准匹配
22451,29798,无工信部-标准匹配
22451,29795,无工信部-标准匹配
22451,29797,无工信部-标准匹配
22451,33636,无工信部-标准匹配
22451,36184,无工信部-标准匹配
22451,41949,无工信部-精确匹配
22451,41949,无工信部-标准匹配
22451,36185,无工信部-标准匹配
22451,39125,无工信部-标准匹配
22451,39063,无工信部-精确匹配
22451,39063,无工信部-标准匹配
22451,40165,无工信部-精确匹配
22451,40165,无工信部-标准匹配
22451,36186,无工信部-标准匹配
22451,36169,无工信部-标准匹配
22451,39126,无工信部-标准匹配
22451,39064,无工信部-精确匹配
22451,39064,无工信部-标准匹配
22451,40166,无工信部-精确匹配
22451,40166,无工信部-标准匹配
22480,33251,无工信部-标准匹配
22480,33252,无工信部-标准匹配
22480,37665,无工信部-标准匹配
22480,40403,无工信部-标准匹配
22480,40404,无工信部-标准匹配
22480,40405,无工信部-标准匹配
22481,40409,无工信部-标准匹配
22481,40410,无工信部-精确匹配
22481,40410,无工信部-标准匹配
22481,40406,无工信部-标准匹配
22481,40407,无工信部-标准匹配
22481,40408,无工信部-标准匹配
23418,32440,无工信部-标准匹配
23418,27962,无工信部-标准匹配
23418,27963,无工信部-标准匹配
23418,27964,无工信部-标准匹配
23418,32426,无工信部-标准匹配
23418,32427,无工信部-标准匹配
23418,39629,无工信部-标准匹配
23418,39630,无工信部-标准匹配
23418,30778,无工信部-标准匹配
23418,30779,无工信部-标准匹配
23418,30780,无工信部-标准匹配
23418,32441,无工信部-标准匹配
23418,32442,无工信部-标准匹配
23418,36038,无工信部-标准匹配
23418,39636,无工信部-标准匹配
23418,39637,无工信部-标准匹配
23418,29876,无工信部-标准匹配
23418,29877,无工信部-标准匹配
23418,29878,无工信部-标准匹配
23418,29879,无工信部-标准匹配
23418,32429,无工信部-标准匹配
23418,32430,无工信部-标准匹配
23418,32431,无工信部-标准匹配
23418,32432,无工信部-标准匹配
23418,40261,无工信部-标准匹配
23418,40030,无工信部-标准匹配
23418,39639,无工信部-标准匹配
23418,39640,无工信部-标准匹配
23418,39631,无工信部-标准匹配
23418,39632,无工信部-标准匹配
23418,39633,无工信部-标准匹配
23418,39634,无工信部-标准匹配
23972,25147,无工信部-标准匹配
23972,28851,无工信部-标准匹配
23972,36890,无工信部-标准匹配
23972,30373,无工信部-标准匹配
23972,32666,无工信部-标准匹配
23973,25147,无工信部-标准匹配
23973,28851,无工信部-标准匹配
23973,36890,无工信部-标准匹配
23973,30373,无工信部-标准匹配
23973,32666,无工信部-标准匹配
25718,41846,无工信部-标准匹配
25718,40446,无工信部-标准匹配
25718,41847,无工信部-标准匹配
25718,39805,无工信部-标准匹配
25718,41420,无工信部-标准匹配
25718,41848,无工信部-标准匹配
25718,39804,无工信部-标准匹配
25720,39031,无工信部-标准匹配
25720,39032,无工信部-标准匹配
25720,38777,无工信部-标准匹配
25720,39033,无工信部-标准匹配
27314,40719,无工信部-精确匹配
27314,40719,无工信部-标准匹配
27314,40720,无工信部-标准匹配
27314,40721,无工信部-精确匹配
27314,40721,无工信部-标准匹配
27314,40722,无工信部-精确匹配
27314,40722,无工信部-标准匹配
27314,40723,无工信部-精确匹配
27314,40723,无工信部-标准匹配
27314,40724,无工信部-精确匹配
27314,40724,无工信部-标准匹配
27315,1008311,无工信部-标准匹配
27315,1008309,无工信部-标准匹配
27315,1008307,无工信部-标准匹配
27315,1008312,无工信部-标准匹配
27315,1008310,无工信部-标准匹配
27315,1008308,无工信部-标准匹配
27315,1008301,无工信部-标准匹配
27315,1008295,无工信部-标准匹配
27315,1008289,无工信部-标准匹配
27315,1008303,无工信部-标准匹配
27315,1008297,无工信部-标准匹配
27315,1008291,无工信部-标准匹配
27315,1008287,无工信部-标准匹配
27315,1008285,无工信部-标准匹配
27315,1008283,无工信部-标准匹配
27315,1008288,无工信部-标准匹配
27315,1008286,无工信部-标准匹配
27315,1008284,无工信部-标准匹配
27315,1008302,无工信部-标准匹配
27315,1008296,无工信部-标准匹配
27315,1008290,无工信部-标准匹配
27315,1008305,无工信部-标准匹配
27315,1008299,无工信部-标准匹配
27315,1008293,无工信部-标准匹配
27316,1008311,无工信部-标准匹配
27316,1008309,无工信部-标准匹配
27316,1008307,无工信部-标准匹配
27316,1008312,无工信部-标准匹配
27316,1008310,无工信部-标准匹配
27316,1008308,无工信部-标准匹配
27316,1008301,无工信部-标准匹配
27316,1008295,无工信部-标准匹配
27316,1008289,无工信部-标准匹配
27316,1008303,无工信部-标准匹配
27316,1008297,无工信部-标准匹配
27316,1008291,无工信部-标准匹配
27316,1008287,无工信部-标准匹配
27316,1008285,无工信部-标准匹配
27316,1008283,无工信部-标准匹配
27316,1008288,无工信部-标准匹配
27316,1008286,无工信部-标准匹配
27316,1008284,无工信部-标准匹配
27316,1008302,无工信部-标准匹配
27316,1008296,无工信部-标准匹配
27316,1008290,无工信部-标准匹配
27316,1008305,无工信部-标准匹配
27316,1008299,无工信部-标准匹配
27316,1008293,无工信部-标准匹配
27317,1008311,无工信部-标准匹配
27317,1008309,无工信部-标准匹配
27317,1008307,无工信部-标准匹配
27317,1008312,无工信部-标准匹配
27317,1008310,无工信部-标准匹配
27317,1008308,无工信部-标准匹配
27317,1008301,无工信部-标准匹配
27317,1008295,无工信部-标准匹配
27317,1008289,无工信部-标准匹配
27317,1008303,无工信部-标准匹配
27317,1008297,无工信部-标准匹配
27317,1008291,无工信部-标准匹配
27317,1008287,无工信部-标准匹配
27317,1008285,无工信部-标准匹配
27317,1008283,无工信部-标准匹配
27317,1008288,无工信部-标准匹配
27317,1008286,无工信部-标准匹配
27317,1008284,无工信部-标准匹配
27317,1008302,无工信部-标准匹配
27317,1008296,无工信部-标准匹配
27317,1008290,无工信部-标准匹配
27317,1008305,无工信部-标准匹配
27317,1008299,无工信部-标准匹配
27317,1008293,无工信部-标准匹配
27318,1008311,无工信部-标准匹配
27318,1008309,无工信部-标准匹配
27318,1008307,无工信部-标准匹配
27318,1008312,无工信部-标准匹配
27318,1008310,无工信部-标准匹配
27318,1008308,无工信部-标准匹配
27318,1008301,无工信部-标准匹配
27318,1008295,无工信部-标准匹配
27318,1008289,无工信部-标准匹配
27318,1008303,无工信部-标准匹配
27318,1008297,无工信部-标准匹配
27318,1008291,无工信部-标准匹配
27318,1008287,无工信部-标准匹配
27318,1008285,无工信部-标准匹配
27318,1008283,无工信部-标准匹配
27318,1008288,无工信部-标准匹配
27318,1008286,无工信部-标准匹配
27318,1008284,无工信部-标准匹配
27318,1008302,无工信部-标准匹配
27318,1008296,无工信部-标准匹配
27318,1008290,无工信部-标准匹配
27318,1008305,无工信部-标准匹配
27318,1008299,无工信部-标准匹配
27318,1008293,无工信部-标准匹配
27319,1008311,无工信部-标准匹配
27319,1008309,无工信部-标准匹配
27319,1008307,无工信部-标准匹配
27319,1008312,无工信部-标准匹配
27319,1008310,无工信部-标准匹配
27319,1008308,无工信部-标准匹配
27319,1008301,无工信部-标准匹配
27319,1008295,无工信部-标准匹配
27319,1008289,无工信部-标准匹配
27319,1008303,无工信部-标准匹配
27319,1008297,无工信部-标准匹配
27319,1008291,无工信部-标准匹配
27319,1008287,无工信部-标准匹配
27319,1008285,无工信部-标准匹配
27319,1008283,无工信部-标准匹配
27319,1008288,无工信部-标准匹配
27319,1008286,无工信部-标准匹配
27319,1008284,无工信部-标准匹配
27319,1008302,无工信部-标准匹配
27319,1008296,无工信部-标准匹配
27319,1008290,无工信部-标准匹配
27319,1008305,无工信部-标准匹配
27319,1008299,无工信部-标准匹配
27319,1008293,无工信部-标准匹配
27320,1008311,无工信部-标准匹配
27320,1008309,无工信部-标准匹配
27320,1008307,无工信部-标准匹配
27320,1008312,无工信部-标准匹配
27320,1008310,无工信部-标准匹配
27320,1008308,无工信部-标准匹配
27320,1008301,无工信部-标准匹配
27320,1008295,无工信部-标准匹配
27320,1008289,无工信部-标准匹配
27320,1008303,无工信部-标准匹配
27320,1008297,无工信部-标准匹配
27320,1008291,无工信部-标准匹配
27320,1008287,无工信部-标准匹配
27320,1008285,无工信部-标准匹配
27320,1008283,无工信部-标准匹配
27320,1008288,无工信部-标准匹配
27320,1008286,无工信部-标准匹配
27320,1008284,无工信部-标准匹配
27320,1008302,无工信部-标准匹配
27320,1008296,无工信部-标准匹配
27320,1008290,无工信部-标准匹配
27320,1008305,无工信部-标准匹配
27320,1008299,无工信部-标准匹配
27320,1008293,无工信部-标准匹配
27321,1008311,无工信部-标准匹配
27321,1008309,无工信部-标准匹配
27321,1008307,无工信部-标准匹配
27321,1008312,无工信部-标准匹配
27321,1008310,无工信部-标准匹配
27321,1008308,无工信部-标准匹配
27321,1008301,无工信部-标准匹配
27321,1008295,无工信部-标准匹配
27321,1008289,无工信部-标准匹配
27321,1008303,无工信部-标准匹配
27321,1008297,无工信部-标准匹配
27321,1008291,无工信部-标准匹配
27321,1008287,无工信部-标准匹配
27321,1008285,无工信部-标准匹配
27321,1008283,无工信部-标准匹配
27321,1008288,无工信部-标准匹配
27321,1008286,无工信部-标准匹配
27321,1008284,无工信部-标准匹配
27321,1008302,无工信部-标准匹配
27321,1008296,无工信部-标准匹配
27321,1008290,无工信部-标准匹配
27321,1008305,无工信部-标准匹配
27321,1008299,无工信部-标准匹配
27321,1008293,无工信部-标准匹配
27322,1008311,无工信部-标准匹配
27322,1008309,无工信部-标准匹配
27322,1008307,无工信部-标准匹配
27322,1008312,无工信部-标准匹配
27322,1008310,无工信部-标准匹配
27322,1008308,无工信部-标准匹配
27322,1008301,无工信部-标准匹配
27322,1008295,无工信部-标准匹配
27322,1008289,无工信部-标准匹配
27322,1008303,无工信部-标准匹配
27322,1008297,无工信部-标准匹配
27322,1008291,无工信部-标准匹配
27322,1008287,无工信部-标准匹配
27322,1008285,无工信部-标准匹配
27322,1008283,无工信部-标准匹配
27322,1008288,无工信部-标准匹配
27322,1008286,无工信部-标准匹配
27322,1008284,无工信部-标准匹配
27322,1008302,无工信部-标准匹配
27322,1008296,无工信部-标准匹配
27322,1008290,无工信部-标准匹配
27322,1008305,无工信部-标准匹配
27322,1008299,无工信部-标准匹配
27322,1008293,无工信部-标准匹配
27323,1008311,无工信部-标准匹配
27323,1008309,无工信部-标准匹配
27323,1008307,无工信部-标准匹配
27323,1008312,无工信部-标准匹配
27323,1008310,无工信部-标准匹配
27323,1008308,无工信部-标准匹配
27323,1008301,无工信部-标准匹配
27323,1008295,无工信部-标准匹配
27323,1008289,无工信部-标准匹配
27323,1008303,无工信部-标准匹配
27323,1008297,无工信部-标准匹配
27323,1008291,无工信部-标准匹配
27323,1008287,无工信部-标准匹配
27323,1008285,无工信部-标准匹配
27323,1008283,无工信部-标准匹配
27323,1008288,无工信部-标准匹配
27323,1008286,无工信部-标准匹配
27323,1008284,无工信部-标准匹配
27323,1008302,无工信部-标准匹配
27323,1008296,无工信部-标准匹配
27323,1008290,无工信部-标准匹配
27323,1008305,无工信部-标准匹配
27323,1008299,无工信部-标准匹配
27323,1008293,无工信部-标准匹配
27324,1008311,无工信部-标准匹配
27324,1008309,无工信部-标准匹配
27324,1008307,无工信部-标准匹配
27324,1008312,无工信部-标准匹配
27324,1008310,无工信部-标准匹配
27324,1008308,无工信部-标准匹配
27324,1008301,无工信部-标准匹配
27324,1008295,无工信部-标准匹配
27324,1008289,无工信部-标准匹配
27324,1008303,无工信部-标准匹配
27324,1008297,无工信部-标准匹配
27324,1008291,无工信部-标准匹配
27324,1008287,无工信部-标准匹配
27324,1008285,无工信部-标准匹配
27324,1008283,无工信部-标准匹配
27324,1008288,无工信部-标准匹配
27324,1008286,无工信部-标准匹配
27324,1008284,无工信部-标准匹配
27324,1008302,无工信部-标准匹配
27324,1008296,无工信部-标准匹配
27324,1008290,无工信部-标准匹配
27324,1008305,无工信部-标准匹配
27324,1008299,无工信部-标准匹配
27324,1008293,无工信部-标准匹配
27325,1008280,无工信部-标准匹配
27325,1008260,无工信部-标准匹配
27325,1008264,无工信部-标准匹配
27325,1008279,无工信部-标准匹配
27325,1008263,无工信部-标准匹配
27325,1008277,无工信部-标准匹配
27325,1008269,无工信部-标准匹配
27325,1008275,无工信部-标准匹配
27325,1008271,无工信部-标准匹配
27325,1008267,无工信部-标准匹配
27325,1008276,无工信部-标准匹配
27325,1008272,无工信部-标准匹配
27325,1008268,无工信部-标准匹配
27326,1008280,无工信部-标准匹配
27326,1008260,无工信部-标准匹配
27326,1008264,无工信部-标准匹配
27326,1008279,无工信部-标准匹配
27326,1008263,无工信部-标准匹配
27326,1008277,无工信部-标准匹配
27326,1008269,无工信部-标准匹配
27326,1008275,无工信部-标准匹配
27326,1008271,无工信部-标准匹配
27326,1008267,无工信部-标准匹配
27326,1008276,无工信部-标准匹配
27326,1008272,无工信部-标准匹配
27326,1008268,无工信部-标准匹配
27327,1008280,无工信部-标准匹配
27327,1008260,无工信部-标准匹配
27327,1008264,无工信部-标准匹配
27327,1008279,无工信部-标准匹配
27327,1008263,无工信部-标准匹配
27327,1008277,无工信部-标准匹配
27327,1008269,无工信部-标准匹配
27327,1008275,无工信部-标准匹配
27327,1008271,无工信部-标准匹配
27327,1008267,无工信部-标准匹配
27327,1008276,无工信部-标准匹配
27327,1008272,无工信部-标准匹配
27327,1008268,无工信部-标准匹配
27328,1008280,无工信部-标准匹配
27328,1008260,无工信部-标准匹配
27328,1008264,无工信部-标准匹配
27328,1008279,无工信部-标准匹配
27328,1008263,无工信部-标准匹配
27328,1008277,无工信部-标准匹配
27328,1008269,无工信部-标准匹配
27328,1008275,无工信部-标准匹配
27328,1008271,无工信部-标准匹配
27328,1008267,无工信部-标准匹配
27328,1008276,无工信部-标准匹配
27328,1008272,无工信部-标准匹配
27328,1008268,无工信部-标准匹配
27329,1008280,无工信部-标准匹配
27329,1008260,无工信部-标准匹配
27329,1008264,无工信部-标准匹配
27329,1008279,无工信部-标准匹配
27329,1008263,无工信部-标准匹配
27329,1008277,无工信部-标准匹配
27329,1008269,无工信部-标准匹配
27329,1008275,无工信部-标准匹配
27329,1008271,无工信部-标准匹配
27329,1008267,无工信部-标准匹配
27329,1008276,无工信部-标准匹配
27329,1008272,无工信部-标准匹配
27329,1008268,无工信部-标准匹配
27330,1008280,无工信部-标准匹配
27330,1008260,无工信部-标准匹配
27330,1008264,无工信部-标准匹配
27330,1008279,无工信部-标准匹配
27330,1008263,无工信部-标准匹配
27330,1008277,无工信部-标准匹配
27330,1008269,无工信部-标准匹配
27330,1008275,无工信部-标准匹配
27330,1008271,无工信部-标准匹配
27330,1008267,无工信部-标准匹配
27330,1008276,无工信部-标准匹配
27330,1008272,无工信部-标准匹配
27330,1008268,无工信部-标准匹配
27331,1008280,无工信部-标准匹配
27331,1008260,无工信部-标准匹配
27331,1008264,无工信部-标准匹配
27331,1008279,无工信部-标准匹配
27331,1008263,无工信部-标准匹配
27331,1008277,无工信部-标准匹配
27331,1008269,无工信部-标准匹配
27331,1008275,无工信部-标准匹配
27331,1008271,无工信部-标准匹配
27331,1008267,无工信部-标准匹配
27331,1008276,无工信部-标准匹配
27331,1008272,无工信部-标准匹配
27331,1008268,无工信部-标准匹配
27332,1008280,无工信部-标准匹配
27332,1008260,无工信部-标准匹配
27332,1008264,无工信部-标准匹配
27332,1008279,无工信部-标准匹配
27332,1008263,无工信部-标准匹配
27332,1008277,无工信部-标准匹配
27332,1008269,无工信部-标准匹配
27332,1008275,无工信部-标准匹配
27332,1008271,无工信部-标准匹配
27332,1008267,无工信部-标准匹配
27332,1008276,无工信部-标准匹配
27332,1008272,无工信部-标准匹配
27332,1008268,无工信部-标准匹配
30629,40733,无工信部-精确匹配
30629,40733,无工信部-标准匹配
30629,40734,无工信部-精确匹配
30629,40734,无工信部-标准匹配
30629,40736,无工信部-精确匹配
30629,40736,无工信部-标准匹配
30629,40735,无工信部-精确匹配
30629,40735,无工信部-标准匹配
30629,40737,无工信部-精确匹配
30629,40737,无工信部-标准匹配
31032,40770,无工信部-标准匹配
31032,41103,无工信部-标准匹配
31032,41104,无工信部-标准匹配
31988,40817,无工信部-标准匹配
31988,40818,无工信部-标准匹配
31988,41773,无工信部-标准匹配
31988,41774,无工信部-标准匹配
31989,40817,无工信部-标准匹配
31989,40818,无工信部-标准匹配
31989,41773,无工信部-标准匹配
31989,41774,无工信部-标准匹配
31990,40817,无工信部-标准匹配
31990,40818,无工信部-标准匹配
31990,41773,无工信部-标准匹配
31990,41774,无工信部-标准匹配
31991,40817,无工信部-标准匹配
31991,40818,无工信部-标准匹配
31991,41773,无工信部-标准匹配
31991,41774,无工信部-标准匹配
32456,35120,无工信部-标准匹配
32456,35121,无工信部-标准匹配
32458,34613,无工信部-标准匹配
32458,30693,无工信部-标准匹配
32458,34340,无工信部-标准匹配
32458,35802,无工信部-标准匹配
32459,34613,无工信部-标准匹配
32459,30693,无工信部-标准匹配
32459,34340,无工信部-标准匹配
32459,35802,无工信部-标准匹配
32460,38298,无工信部-标准匹配
32460,35803,无工信部-标准匹配
32460,38297,无工信部-标准匹配
32461,36098,无工信部-标准匹配
32463,28423,无工信部-标准匹配
32463,34125,无工信部-标准匹配
32463,35863,无工信部-标准匹配
32463,38272,无工信部-标准匹配
32464,28424,无工信部-标准匹配
32464,34126,无工信部-标准匹配
32464,35864,无工信部-标准匹配
32464,38273,无工信部-标准匹配
32465,28425,无工信部-标准匹配
32465,34140,无工信部-标准匹配
32465,35865,无工信部-标准匹配
32465,38274,无工信部-标准匹配
32466,27597,无工信部-标准匹配
32466,34610,无工信部-标准匹配
32467,36889,无工信部-标准匹配
32467,36893,无工信部-标准匹配
32469,36889,无工信部-标准匹配
32469,36893,无工信部-标准匹配
32470,38298,无工信部-标准匹配
32470,35803,无工信部-标准匹配
32470,38297,无工信部-标准匹配
32472,36098,无工信部-标准匹配
32473,38570,无工信部-标准匹配
32473,38435,无工信部-标准匹配
32479,38298,无工信部-标准匹配
32479,35803,无工信部-标准匹配
32479,38297,无工信部-标准匹配
32482,35120,无工信部-标准匹配
32482,35121,无工信部-标准匹配
32484,34607,无工信部-标准匹配
32484,34609,无工信部-标准匹配
32484,40744,无工信部-标准匹配
32485,34607,无工信部-标准匹配
32485,34609,无工信部-标准匹配
32485,40744,无工信部-标准匹配
33213,35145,无工信部-标准匹配
33213,38809,无工信部-标准匹配
33213,37978,无工信部-标准匹配
33213,35146,无工信部-标准匹配
33213,38810,无工信部-标准匹配
33213,38544,无工信部-标准匹配
33214,35145,无工信部-标准匹配
33214,38809,无工信部-标准匹配
33214,37978,无工信部-标准匹配
33214,35146,无工信部-标准匹配
33214,38810,无工信部-标准匹配
33214,38544,无工信部-标准匹配
33215,30713,无工信部-标准匹配
33215,40390,无工信部-标准匹配
33215,41093,无工信部-标准匹配
33216,30712,无工信部-标准匹配
33216,30211,无工信部-标准匹配
33219,29398,无工信部-标准匹配
33219,29399,无工信部-标准匹配
33219,29400,无工信部-标准匹配
33219,35673,无工信部-标准匹配
33219,35674,无工信部-标准匹配
33219,40379,无工信部-标准匹配
33219,41092,无工信部-标准匹配
33220,29396,无工信部-标准匹配
33220,29397,无工信部-标准匹配
33220,35671,无工信部-标准匹配
33220,35672,无工信部-标准匹配
35214,34568,无工信部-标准匹配
35214,34567,无工信部-标准匹配
35215,34568,无工信部-标准匹配
35215,34567,无工信部-标准匹配
35216,30454,无工信部-标准匹配
35216,36216,无工信部-标准匹配
35217,41262,无工信部-标准匹配
35217,38358,无工信部-标准匹配
35217,30455,无工信部-标准匹配
35217,30456,无工信部-标准匹配
35217,36217,无工信部-标准匹配
35222,33998,无工信部-标准匹配
35222,34110,无工信部-标准匹配
35222,36868,无工信部-精确匹配
35222,36868,无工信部-标准匹配
35222,36869,无工信部-标准匹配
35223,30454,无工信部-标准匹配
35223,36216,无工信部-标准匹配
35224,41262,无工信部-标准匹配
35224,38358,无工信部-标准匹配
35224,30455,无工信部-标准匹配
35224,30456,无工信部-标准匹配
35224,36217,无工信部-标准匹配
35236,41262,无工信部-标准匹配
35236,38358,无工信部-标准匹配
35236,30455,无工信部-标准匹配
35236,30456,无工信部-标准匹配
35236,36217,无工信部-标准匹配
35237,41445,无工信部-标准匹配
35237,32874,无工信部-标准匹配
35237,36218,无工信部-标准匹配
35238,41262,无工信部-标准匹配
35238,38358,无工信部-标准匹配
35238,30455,无工信部-标准匹配
35238,30456,无工信部-标准匹配
35238,36217,无工信部-标准匹配
35239,41445,无工信部-标准匹配
35239,32874,无工信部-标准匹配
35239,36218,无工信部-标准匹配
36567,14934,无工信部-标准匹配
36567,19804,无工信部-标准匹配
36567,28130,无工信部-标准匹配
36567,28131,无工信部-标准匹配
36567,38626,无工信部-标准匹配
36568,11443,无工信部-标准匹配
36568,19803,无工信部-标准匹配
36568,28129,无工信部-标准匹配
36568,28014,无工信部-标准匹配
36568,38625,无工信部-标准匹配
36577,31483,无工信部-标准匹配
36577,34637,无工信部-标准匹配
36577,41736,无工信部-标准匹配
36578,31484,无工信部-标准匹配
36578,30239,无工信部-标准匹配
36578,34638,无工信部-标准匹配
36578,34639,无工信部-标准匹配
36578,41738,无工信部-标准匹配
36578,41740,无工信部-标准匹配
36579,31484,无工信部-标准匹配
36579,30239,无工信部-标准匹配
36579,34638,无工信部-标准匹配
36579,34639,无工信部-标准匹配
36579,41738,无工信部-标准匹配
36579,41740,无工信部-标准匹配
44078,20605,无工信部-标准匹配
44078,31485,无工信部-标准匹配
44078,39982,无工信部-标准匹配
44078,34640,无工信部-标准匹配
44078,39979,无工信部-标准匹配
44078,41741,无工信部-标准匹配
44078,41742,无工信部-标准匹配
44079,20604,无工信部-标准匹配
44079,18797,无工信部-标准匹配
44079,23702,无工信部-标准匹配
44079,30240,无工信部-标准匹配
44079,31487,无工信部-标准匹配
44079,39983,无工信部-标准匹配
44079,34641,无工信部-标准匹配
44079,39984,无工信部-标准匹配
44079,34642,无工信部-标准匹配
44079,41743,无工信部-标准匹配
44079,41744,无工信部-标准匹配
44079,41745,无工信部-标准匹配
44079,41746,无工信部-标准匹配
44080,20605,无工信部-标准匹配
44080,31485,无工信部-标准匹配
44080,39982,无工信部-标准匹配
44080,34640,无工信部-标准匹配
44080,39979,无工信部-标准匹配
44080,41741,无工信部-标准匹配
44080,41742,无工信部-标准匹配
44081,20604,无工信部-标准匹配
44081,18797,无工信部-标准匹配
44081,23702,无工信部-标准匹配
44081,30240,无工信部-标准匹配
44081,31487,无工信部-标准匹配
44081,39983,无工信部-标准匹配
44081,34641,无工信部-标准匹配
44081,39984,无工信部-标准匹配
44081,34642,无工信部-标准匹配
44081,41743,无工信部-标准匹配
44081,41744,无工信部-标准匹配
44081,41745,无工信部-标准匹配
44081,41746,无工信部-标准匹配
44082,38750,无工信部-标准匹配
44082,38749,无工信部-标准匹配
44083,38750,无工信部-标准匹配
44083,38749,无工信部-标准匹配
44084,39018,无工信部-标准匹配
44084,38892,无工信部-标准匹配
44085,39018,无工信部-标准匹配
44085,38892,无工信部-标准匹配
48204,27647,无工信部-标准匹配
48204,34979,无工信部-标准匹配
48204,37925,无工信部-标准匹配
48204,40391,无工信部-标准匹配
48205,29401,无工信部-标准匹配
48205,34978,无工信部-标准匹配
48205,37926,无工信部-标准匹配
48205,40380,无工信部-标准匹配
48907,17582,无工信部-标准匹配
48907,22615,无工信部-标准匹配
48907,14469,无工信部-标准匹配
48907,22619,无工信部-标准匹配
48907,29252,无工信部-标准匹配
48907,34570,无工信部-标准匹配
48907,29251,无工信部-标准匹配
48907,34569,无工信部-标准匹配
48908,17582,无工信部-标准匹配
48908,22615,无工信部-标准匹配
48908,14469,无工信部-标准匹配
48908,22619,无工信部-标准匹配
48908,29252,无工信部-标准匹配
48908,34570,无工信部-标准匹配
48908,29251,无工信部-标准匹配
48908,34569,无工信部-标准匹配
48909,18282,无工信部-标准匹配
48909,18251,无工信部-标准匹配
48909,18280,无工信部-标准匹配
48909,18281,无工信部-标准匹配
48909,22155,无工信部-标准匹配
48909,22153,无工信部-标准匹配
48909,22154,无工信部-标准匹配
48909,24865,无工信部-标准匹配
48909,24318,无工信部-标准匹配
48909,24863,无工信部-标准匹配
48909,25934,无工信部-标准匹配
48909,24864,无工信部-标准匹配
48909,24319,无工信部-标准匹配
48909,33927,无工信部-标准匹配
48909,33946,无工信部-标准匹配
48909,34109,无工信部-标准匹配
48909,36870,无工信部-精确匹配
48909,36870,无工信部-标准匹配
48909,36871,无工信部-精确匹配
48909,36871,无工信部-标准匹配
48909,36872,无工信部-精确匹配
48909,36872,无工信部-标准匹配
48909,27625,无工信部-标准匹配
48909,27916,无工信部-标准匹配
48909,27917,无工信部-标准匹配
48909,27913,无工信部-标准匹配
48909,27914,无工信部-标准匹配
48909,27915,无工信部-标准匹配
48911,41446,无工信部-标准匹配
48911,21374,无工信部-标准匹配
48911,24624,无工信部-标准匹配
48911,30458,无工信部-标准匹配
48911,36219,无工信部-标准匹配
49207,28599,无工信部-标准匹配
49207,32854,无工信部-标准匹配
49208,30721,无工信部-标准匹配
49208,30061,无工信部-标准匹配
49208,30723,无工信部-标准匹配
49208,30062,无工信部-标准匹配
49209,30721,无工信部-标准匹配
49209,30061,无工信部-标准匹配
49209,30723,无工信部-标准匹配
49209,30062,无工信部-标准匹配
49210,28279,无工信部-标准匹配
49210,31438,无工信部-标准匹配
49210,34556,无工信部-标准匹配
49211,32471,无工信部-标准匹配
49211,34132,无工信部-标准匹配
49211,37316,无工信部-标准匹配
49212,25592,无工信部-标准匹配
49212,25593,无工信部-标准匹配
49212,28450,无工信部-标准匹配
49212,28859,无工信部-标准匹配
49212,28861,无工信部-标准匹配
49212,34134,无工信部-标准匹配
49212,32475,无工信部-标准匹配
49212,34135,无工信部-标准匹配
49212,32476,无工信部-标准匹配
49212,37317,无工信部-标准匹配
49434,32783,无工信部-标准匹配
49434,35855,无工信部-标准匹配
49434,41542,无工信部-标准匹配
49844,24010,无工信部-标准匹配
49844,24475,无工信部-标准匹配
49844,32870,无工信部-标准匹配
49844,22225,无工信部-标准匹配
49844,41612,无工信部-标准匹配
49844,41150,无工信部-标准匹配
49844,41611,无工信部-标准匹配
49844,41151,无工信部-标准匹配
49845,41613,无工信部-标准匹配
49845,41152,无工信部-标准匹配
49845,41614,无工信部-标准匹配
49845,39668,无工信部-标准匹配
49845,41615,无工信部-标准匹配
49845,41153,无工信部-标准匹配
49845,41617,无工信部-标准匹配
49845,41154,无工信部-标准匹配
49846,41613,无工信部-标准匹配
49846,41152,无工信部-标准匹配
49846,41614,无工信部-标准匹配
49846,39668,无工信部-标准匹配
49846,41615,无工信部-标准匹配
49846,41153,无工信部-标准匹配
49846,41617,无工信部-标准匹配
49846,41154,无工信部-标准匹配
49847,41613,无工信部-标准匹配
49847,41152,无工信部-标准匹配
49847,41614,无工信部-标准匹配
49847,39668,无工信部-标准匹配
49847,41615,无工信部-标准匹配
49847,41153,无工信部-标准匹配
49847,41617,无工信部-标准匹配
49847,41154,无工信部-标准匹配
49848,41613,无工信部-标准匹配
49848,41152,无工信部-标准匹配
49848,41614,无工信部-标准匹配
49848,39668,无工信部-标准匹配
49848,41615,无工信部-标准匹配
49848,41153,无工信部-标准匹配
49848,41617,无工信部-标准匹配
49848,41154,无工信部-标准匹配
49889,38906,无工信部-标准匹配
49889,39368,无工信部-标准匹配
49889,39369,无工信部-标准匹配
49889,39370,无工信部-标准匹配
50341,33583,无工信部-标准匹配
50341,39583,无工信部-标准匹配
50341,33574,无工信部-标准匹配
50341,39582,无工信部-标准匹配
50348,25070,无工信部-标准匹配
50348,28602,无工信部-标准匹配
50348,28573,无工信部-标准匹配
50348,30460,无工信部-标准匹配
50348,33268,无工信部-标准匹配
50348,39584,无工信部-标准匹配
50353,26775,无工信部-标准匹配
50353,21712,无工信部-标准匹配
50353,28893,无工信部-标准匹配
50353,36904,无工信部-标准匹配
50353,34051,无工信部-标准匹配
50354,26775,无工信部-标准匹配
50354,21712,无工信部-标准匹配
50354,28893,无工信部-标准匹配
50354,36904,无工信部-标准匹配
50354,34051,无工信部-标准匹配
50355,26774,无工信部-标准匹配
50355,27398,无工信部-标准匹配
50355,20428,无工信部-标准匹配
50355,28894,无工信部-标准匹配
50355,29417,无工信部-标准匹配
50355,36905,无工信部-标准匹配
50355,36902,无工信部-标准匹配
50356,26774,无工信部-标准匹配
50356,27398,无工信部-标准匹配
50356,20428,无工信部-标准匹配
50356,28894,无工信部-标准匹配
50356,29417,无工信部-标准匹配
50356,36905,无工信部-标准匹配
50356,36902,无工信部-标准匹配
50924,16111,无工信部-标准匹配
50924,17445,无工信部-标准匹配
50924,32846,无工信部-标准匹配
50924,41570,无工信部-标准匹配
50925,32792,无工信部-标准匹配
50925,34539,无工信部-标准匹配
50925,40285,无工信部-标准匹配
50925,37056,无工信部-标准匹配
50925,40286,无工信部-标准匹配
50925,41641,无工信部-标准匹配
50925,41642,无工信部-标准匹配
