1008204,SC1021XDD62
1008188,SC1021XDD62
1008172,SC1021XDD62
1008208,SC1021XDD62
1008192,SC1021XDD62
1008206,SC1021XDD62
1008190,SC1021XDD62
1008174,SC1021XDD62
1008198,SC1021XDD62
1008182,SC1021XDD62
1008166,SC1021XDD62
1008210,SC1021XDD62
1008194,SC1021XDD62
1008178,SC1021XDD62
1008200,SC1021XDD62
1008184,SC1021XDD62
1008168,SC1021XDD62
1008202,SC1021XDD62
1008186,SC1021XDD62
1008170,SC1021XDD62
40294,LZW6477DW6A
40292,LZW6477DW6A
40303,LZW6477DW6A
40293,LZW6477DW6A
40304,LZW6477DW6A
40294,LZW6477DWV6A
40292,LZW6477DWV6A
40303,LZW6477DWV6A
40293,LZW6477DWV6A
40304,LZW6477DWV6A
40291,LZW6477CT6A
40288,LZW6477CT6A
40300,LZW6477CT6A
40301,LZW6477CT6A
40289,LZW6477CT6A
40302,LZW6477CT6A
40290,LZW6477CT6A
40291,LZW6477CTV6A
40288,LZW6477CTV6A
40300,LZW6477CTV6A
40301,LZW6477CTV6A
40289,LZW6477CTV6A
40302,LZW6477CTV6A
40290,LZW6477CTV6A
38173,MR6471PHEV08
37220,MR6471PHEV08
38174,MR6471PHEV08
41069,SC7159CAB6
41070,SC7159CAB6
41071,SC7159CAB6
41072,SC7159CBB6
38952,SC7159CBB6
11203,BYD7150A6M1
11204,BYD7150A6M1
11205,BYD7150A6M1
13804,BYD7150A6M1
13805,BYD7150A6M1
15439,BYD7150A6M1
15440,BYD7150A6M1
13806,BYD7150A6M1
15441,BYD7150A6M1
33665,BYD7150A6M1
18645,BYD7150A6M1
18597,BYD7150A6M1
18646,BYD7150A6M1
21716,BYD7150A6M1
21717,BYD7150A6M1
21718,BYD7150A6M1
33666,BYD7150A6M1
33667,BYD7150A6M1
27918,BYD7150A6M1
27337,BYD7150A6M1
27919,BYD7150A6M1
33668,BYD7150A6M1
41550,BYD7151W6D
41551,BYD7151W6D
41552,BYD7151W6B
40601,BYD7151W6B
41552,BYD7151W6C
40601,BYD7151W6C
1003380,DXK5020XXYFH7
1003381,DXK5020XXYFH7
1007900,DXK5020XXYFH7
1007901,DXK5020XXYFH7
1007905,DXK5020XXYF1H7
1007904,DXK5020XXYF1H7
1008282,CKS1031FAD61
1008262,CKS1031FAD61
1008266,CKS1031FAD61
1008281,CKS1031FAD61
1008261,CKS1031FAD61
1008265,CKS1031FAD61
1008278,CKS1031FAD61
1008274,CKS1031FAD61
1008270,CKS1031FAD61
1008282,CKS1031FAS62
1008262,CKS1031FAS62
1008266,CKS1031FAS62
1008281,CKS1031FAS62
1008261,CKS1031FAS62
1008265,CKS1031FAS62
1008278,CKS1031FAS62
1008274,CKS1031FAS62
1008270,CKS1031FAS62
1008203,SC5021XYKXDD64
1008187,SC5021XYKXDD64
1008171,SC5021XYKXDD64
1008207,SC5021XYKXDD64
1008191,SC5021XYKXDD64
1008175,SC5021XYKXDD64
1008205,SC5021XYKXDD64
1008189,SC5021XYKXDD64
1008173,SC5021XYKXDD64
1008197,SC5021XYKXDD64
1008181,SC5021XYKXDD64
1008165,SC5021XYKXDD64
1008209,SC5021XYKXDD64
1008193,SC5021XYKXDD64
1008177,SC5021XYKXDD64
1008199,SC5021XYKXDD64
1008183,SC5021XYKXDD64
1008167,SC5021XYKXDD64
1008211,SC5021XYKXDD64
1008195,SC5021XYKXDD64
1008179,SC5021XYKXDD64
1008201,SC5021XYKXDD64
1008185,SC5021XYKXDD64
1008169,SC5021XYKXDD64
1008203,SC5031XYKXDD66
1008187,SC5031XYKXDD66
1008171,SC5031XYKXDD66
1008207,SC5031XYKXDD66
1008191,SC5031XYKXDD66
1008175,SC5031XYKXDD66
1008205,SC5031XYKXDD66
1008189,SC5031XYKXDD66
1008173,SC5031XYKXDD66
1008197,SC5031XYKXDD66
1008181,SC5031XYKXDD66
1008165,SC5031XYKXDD66
1008209,SC5031XYKXDD66
1008193,SC5031XYKXDD66
1008177,SC5031XYKXDD66
1008199,SC5031XYKXDD66
1008183,SC5031XYKXDD66
1008167,SC5031XYKXDD66
1008211,SC5031XYKXDD66
1008195,SC5031XYKXDD66
1008179,SC5031XYKXDD66
1008201,SC5031XYKXDD66
1008185,SC5031XYKXDD66
1008169,SC5031XYKXDD66
40955,SC6482EDH6xa0
40956,SC6482EDH6xa0
40957,SC6482EDH6xa0
39263,SC6482EDH6xa0
39264,SC6482EDH6xa0
35182,SC6482EDH6xa0
39267,SC6482EDH6xa0
39268,SC6482EDH6xa0
35183,SC6482EDH6xa0
35623,SC6482EDH6xa0
39269,SC6482EDH6xa0
39270,SC6482EDH6xa0
39271,SC6482EDH6xa0
39272,SC6482EDH6xa0
35184,SC6482EDH6xa0
39273,SC6482EDH6xa0
39274,SC6482EDH6xa0
33271,SC6482EDH6xa0
40959,SC6482EDH6xa0
40960,SC6482EDH6xa0
40961,SC6482EDH6xa0
40962,SC6482EDH6xa0
40963,SC6482EDH6xa0
40893,SC6482EDH6xa0
40964,SC6482EDH6xa0
40965,SC6482EDH6xa0
40966,SC6482EDH6xa0
33903,DXK5020XXYF9F7
33904,DXK5020XXYF9F7
25230,QAL7151N2JC1
25699,QAL7151N2JC1
25231,QAL7151N2JC1
28072,QAL7151N2JC1
24552,QAL7151N2JC1
25700,QAL7151N2JC1
29794,QAL7151N2JC1
29796,QAL7151N2JC1
29798,QAL7151N2JC1
29795,QAL7151N2JC1
29797,QAL7151N2JC1
33636,QAL7151N2JC1
36184,QAL7151N2JC1
41949,QAL7151N2JC1
36185,QAL7151N2JC1
39125,QAL7151N2JC1
39063,QAL7151N2JC1
40165,QAL7151N2JC1
36186,QAL7151N2JC1
36169,QAL7151N2JC1
39126,QAL7151N2JC1
39064,QAL7151N2JC1
40166,QAL7151N2JC1
33251,GXQ6450KJ
33252,GXQ6450KJ
37665,GXQ6450KJ
40403,GXQ6450KJ
40404,GXQ6450KJ
40405,GXQ6450KJ
40409,GXQ6450KTJ
40410,GXQ6450KTJ
40406,GXQ6450KTJ
40407,GXQ6450KTJ
40408,GXQ6450KTJ
32440,LZ5020XJHMQ16BM
27962,LZ5020XJHMQ16BM
27963,LZ5020XJHMQ16BM
27964,LZ5020XJHMQ16BM
32426,LZ5020XJHMQ16BM
32427,LZ5020XJHMQ16BM
39629,LZ5020XJHMQ16BM
39630,LZ5020XJHMQ16BM
30778,LZ5020XJHMQ16BM
30779,LZ5020XJHMQ16BM
30780,LZ5020XJHMQ16BM
32441,LZ5020XJHMQ16BM
32442,LZ5020XJHMQ16BM
36038,LZ5020XJHMQ16BM
39636,LZ5020XJHMQ16BM
39637,LZ5020XJHMQ16BM
29876,LZ5020XJHMQ16BM
29877,LZ5020XJHMQ16BM
29878,LZ5020XJHMQ16BM
29879,LZ5020XJHMQ16BM
32429,LZ5020XJHMQ16BM
32430,LZ5020XJHMQ16BM
32431,LZ5020XJHMQ16BM
32432,LZ5020XJHMQ16BM
40261,LZ5020XJHMQ16BM
40030,LZ5020XJHMQ16BM
39639,LZ5020XJHMQ16BM
39640,LZ5020XJHMQ16BM
39631,LZ5020XJHMQ16BM
39632,LZ5020XJHMQ16BM
39633,LZ5020XJHMQ16BM
39634,LZ5020XJHMQ16BM
25147,C 180 (205240)
28851,C 180 (205240)
36890,C 180 (205240)
30373,C 180 (205240)
32666,C 180 (205240)
25147,C 180 (205240\/WH4AB)
28851,C 180 (205240\/WH4AB)
36890,C 180 (205240\/WH4AB)
30373,C 180 (205240\/WH4AB)
32666,C 180 (205240\/WH4AB)
41846,DC6456KLBB16
40446,DC6456KLBB16
41847,DC6456KLBB16
39805,DC6456KLBB16
41420,DC6456KLBB16
41848,DC6456KLBB16
39804,DC6456KLBB16
39031,DC6456KXBB16
39032,DC6456KXBB16
38777,DC6456KXBB16
39033,DC6456KXBB16
40719,HFC5026XQCRA2S
40720,HFC5026XQCRA2S
40721,HFC5026XQCRA2S
40722,HFC5026XQCRA2S
40723,HFC5026XQCRA2S
40724,HFC5026XQCRA2S
1008311,SC1031UDD64
1008309,SC1031UDD64
1008307,SC1031UDD64
1008312,SC1031UDD64
1008310,SC1031UDD64
1008308,SC1031UDD64
1008301,SC1031UDD64
1008295,SC1031UDD64
1008289,SC1031UDD64
1008303,SC1031UDD64
1008297,SC1031UDD64
1008291,SC1031UDD64
1008287,SC1031UDD64
1008285,SC1031UDD64
1008283,SC1031UDD64
1008288,SC1031UDD64
1008286,SC1031UDD64
1008284,SC1031UDD64
1008302,SC1031UDD64
1008296,SC1031UDD64
1008290,SC1031UDD64
1008305,SC1031UDD64
1008299,SC1031UDD64
1008293,SC1031UDD64
1008311,SC5031XXYUDD64
1008309,SC5031XXYUDD64
1008307,SC5031XXYUDD64
1008312,SC5031XXYUDD64
1008310,SC5031XXYUDD64
1008308,SC5031XXYUDD64
1008301,SC5031XXYUDD64
1008295,SC5031XXYUDD64
1008289,SC5031XXYUDD64
1008303,SC5031XXYUDD64
1008297,SC5031XXYUDD64
1008291,SC5031XXYUDD64
1008287,SC5031XXYUDD64
1008285,SC5031XXYUDD64
1008283,SC5031XXYUDD64
1008288,SC5031XXYUDD64
1008286,SC5031XXYUDD64
1008284,SC5031XXYUDD64
1008302,SC5031XXYUDD64
1008296,SC5031XXYUDD64
1008290,SC5031XXYUDD64
1008305,SC5031XXYUDD64
1008299,SC5031XXYUDD64
1008293,SC5031XXYUDD64
1008311,SC5031CCYUDD64
1008309,SC5031CCYUDD64
1008307,SC5031CCYUDD64
1008312,SC5031CCYUDD64
1008310,SC5031CCYUDD64
1008308,SC5031CCYUDD64
1008301,SC5031CCYUDD64
1008295,SC5031CCYUDD64
1008289,SC5031CCYUDD64
1008303,SC5031CCYUDD64
1008297,SC5031CCYUDD64
1008291,SC5031CCYUDD64
1008287,SC5031CCYUDD64
1008285,SC5031CCYUDD64
1008283,SC5031CCYUDD64
1008288,SC5031CCYUDD64
1008286,SC5031CCYUDD64
1008284,SC5031CCYUDD64
1008302,SC5031CCYUDD64
1008296,SC5031CCYUDD64
1008290,SC5031CCYUDD64
1008305,SC5031CCYUDD64
1008299,SC5031CCYUDD64
1008293,SC5031CCYUDD64
1008311,SC1031UDW64
1008309,SC1031UDW64
1008307,SC1031UDW64
1008312,SC1031UDW64
1008310,SC1031UDW64
1008308,SC1031UDW64
1008301,SC1031UDW64
1008295,SC1031UDW64
1008289,SC1031UDW64
1008303,SC1031UDW64
1008297,SC1031UDW64
1008291,SC1031UDW64
1008287,SC1031UDW64
1008285,SC1031UDW64
1008283,SC1031UDW64
1008288,SC1031UDW64
1008286,SC1031UDW64
1008284,SC1031UDW64
1008302,SC1031UDW64
1008296,SC1031UDW64
1008290,SC1031UDW64
1008305,SC1031UDW64
1008299,SC1031UDW64
1008293,SC1031UDW64
1008311,SC5031XXYUDW64
1008309,SC5031XXYUDW64
1008307,SC5031XXYUDW64
1008312,SC5031XXYUDW64
1008310,SC5031XXYUDW64
1008308,SC5031XXYUDW64
1008301,SC5031XXYUDW64
1008295,SC5031XXYUDW64
1008289,SC5031XXYUDW64
1008303,SC5031XXYUDW64
1008297,SC5031XXYUDW64
1008291,SC5031XXYUDW64
1008287,SC5031XXYUDW64
1008285,SC5031XXYUDW64
1008283,SC5031XXYUDW64
1008288,SC5031XXYUDW64
1008286,SC5031XXYUDW64
1008284,SC5031XXYUDW64
1008302,SC5031XXYUDW64
1008296,SC5031XXYUDW64
1008290,SC5031XXYUDW64
1008305,SC5031XXYUDW64
1008299,SC5031XXYUDW64
1008293,SC5031XXYUDW64
1008311,SC5031CCYUDW64
1008309,SC5031CCYUDW64
1008307,SC5031CCYUDW64
1008312,SC5031CCYUDW64
1008310,SC5031CCYUDW64
1008308,SC5031CCYUDW64
1008301,SC5031CCYUDW64
1008295,SC5031CCYUDW64
1008289,SC5031CCYUDW64
1008303,SC5031CCYUDW64
1008297,SC5031CCYUDW64
1008291,SC5031CCYUDW64
1008287,SC5031CCYUDW64
1008285,SC5031CCYUDW64
1008283,SC5031CCYUDW64
1008288,SC5031CCYUDW64
1008286,SC5031CCYUDW64
1008284,SC5031CCYUDW64
1008302,SC5031CCYUDW64
1008296,SC5031CCYUDW64
1008290,SC5031CCYUDW64
1008305,SC5031CCYUDW64
1008299,SC5031CCYUDW64
1008293,SC5031CCYUDW64
1008311,SC1031UFS64
1008309,SC1031UFS64
1008307,SC1031UFS64
1008312,SC1031UFS64
1008310,SC1031UFS64
1008308,SC1031UFS64
1008301,SC1031UFS64
1008295,SC1031UFS64
1008289,SC1031UFS64
1008303,SC1031UFS64
1008297,SC1031UFS64
1008291,SC1031UFS64
1008287,SC1031UFS64
1008285,SC1031UFS64
1008283,SC1031UFS64
1008288,SC1031UFS64
1008286,SC1031UFS64
1008284,SC1031UFS64
1008302,SC1031UFS64
1008296,SC1031UFS64
1008290,SC1031UFS64
1008305,SC1031UFS64
1008299,SC1031UFS64
1008293,SC1031UFS64
1008311,SC5031XXYUFS64
1008309,SC5031XXYUFS64
1008307,SC5031XXYUFS64
1008312,SC5031XXYUFS64
1008310,SC5031XXYUFS64
1008308,SC5031XXYUFS64
1008301,SC5031XXYUFS64
1008295,SC5031XXYUFS64
1008289,SC5031XXYUFS64
1008303,SC5031XXYUFS64
1008297,SC5031XXYUFS64
1008291,SC5031XXYUFS64
1008287,SC5031XXYUFS64
1008285,SC5031XXYUFS64
1008283,SC5031XXYUFS64
1008288,SC5031XXYUFS64
1008286,SC5031XXYUFS64
1008284,SC5031XXYUFS64
1008302,SC5031XXYUFS64
1008296,SC5031XXYUFS64
1008290,SC5031XXYUFS64
1008305,SC5031XXYUFS64
1008299,SC5031XXYUFS64
1008293,SC5031XXYUFS64
1008311,SC5031XYKUDD63
1008309,SC5031XYKUDD63
1008307,SC5031XYKUDD63
1008312,SC5031XYKUDD63
1008310,SC5031XYKUDD63
1008308,SC5031XYKUDD63
1008301,SC5031XYKUDD63
1008295,SC5031XYKUDD63
1008289,SC5031XYKUDD63
1008303,SC5031XYKUDD63
1008297,SC5031XYKUDD63
1008291,SC5031XYKUDD63
1008287,SC5031XYKUDD63
1008285,SC5031XYKUDD63
1008283,SC5031XYKUDD63
1008288,SC5031XYKUDD63
1008286,SC5031XYKUDD63
1008284,SC5031XYKUDD63
1008302,SC5031XYKUDD63
1008296,SC5031XYKUDD63
1008290,SC5031XYKUDD63
1008305,SC5031XYKUDD63
1008299,SC5031XYKUDD63
1008293,SC5031XYKUDD63
1008311,SC5031XYKUFD63
1008309,SC5031XYKUFD63
1008307,SC5031XYKUFD63
1008312,SC5031XYKUFD63
1008310,SC5031XYKUFD63
1008308,SC5031XYKUFD63
1008301,SC5031XYKUFD63
1008295,SC5031XYKUFD63
1008289,SC5031XYKUFD63
1008303,SC5031XYKUFD63
1008297,SC5031XYKUFD63
1008291,SC5031XYKUFD63
1008287,SC5031XYKUFD63
1008285,SC5031XYKUFD63
1008283,SC5031XYKUFD63
1008288,SC5031XYKUFD63
1008286,SC5031XYKUFD63
1008284,SC5031XYKUFD63
1008302,SC5031XYKUFD63
1008296,SC5031XYKUFD63
1008290,SC5031XYKUFD63
1008305,SC5031XYKUFD63
1008299,SC5031XYKUFD63
1008293,SC5031XYKUFD63
1008280,SC1031FAD66
1008260,SC1031FAD66
1008264,SC1031FAD66
1008279,SC1031FAD66
1008263,SC1031FAD66
1008277,SC1031FAD66
1008269,SC1031FAD66
1008275,SC1031FAD66
1008271,SC1031FAD66
1008267,SC1031FAD66
1008276,SC1031FAD66
1008272,SC1031FAD66
1008268,SC1031FAD66
1008280,SC5031XXYFAD66
1008260,SC5031XXYFAD66
1008264,SC5031XXYFAD66
1008279,SC5031XXYFAD66
1008263,SC5031XXYFAD66
1008277,SC5031XXYFAD66
1008269,SC5031XXYFAD66
1008275,SC5031XXYFAD66
1008271,SC5031XXYFAD66
1008267,SC5031XXYFAD66
1008276,SC5031XXYFAD66
1008272,SC5031XXYFAD66
1008268,SC5031XXYFAD66
1008280,SC5031CCYFAD66
1008260,SC5031CCYFAD66
1008264,SC5031CCYFAD66
1008279,SC5031CCYFAD66
1008263,SC5031CCYFAD66
1008277,SC5031CCYFAD66
1008269,SC5031CCYFAD66
1008275,SC5031CCYFAD66
1008271,SC5031CCYFAD66
1008267,SC5031CCYFAD66
1008276,SC5031CCYFAD66
1008272,SC5031CCYFAD66
1008268,SC5031CCYFAD66
1008280,SC1031FAS66
1008260,SC1031FAS66
1008264,SC1031FAS66
1008279,SC1031FAS66
1008263,SC1031FAS66
1008277,SC1031FAS66
1008269,SC1031FAS66
1008275,SC1031FAS66
1008271,SC1031FAS66
1008267,SC1031FAS66
1008276,SC1031FAS66
1008272,SC1031FAS66
1008268,SC1031FAS66
1008280,SC5031XXYFAS66
1008260,SC5031XXYFAS66
1008264,SC5031XXYFAS66
1008279,SC5031XXYFAS66
1008263,SC5031XXYFAS66
1008277,SC5031XXYFAS66
1008269,SC5031XXYFAS66
1008275,SC5031XXYFAS66
1008271,SC5031XXYFAS66
1008267,SC5031XXYFAS66
1008276,SC5031XXYFAS66
1008272,SC5031XXYFAS66
1008268,SC5031XXYFAS66
1008280,SC5031CCYFAS66
1008260,SC5031CCYFAS66
1008264,SC5031CCYFAS66
1008279,SC5031CCYFAS66
1008263,SC5031CCYFAS66
1008277,SC5031CCYFAS66
1008269,SC5031CCYFAS66
1008275,SC5031CCYFAS66
1008271,SC5031CCYFAS66
1008267,SC5031CCYFAS66
1008276,SC5031CCYFAS66
1008272,SC5031CCYFAS66
1008268,SC5031CCYFAS66
1008280,SC5031XXYFAD64
1008260,SC5031XXYFAD64
1008264,SC5031XXYFAD64
1008279,SC5031XXYFAD64
1008263,SC5031XXYFAD64
1008277,SC5031XXYFAD64
1008269,SC5031XXYFAD64
1008275,SC5031XXYFAD64
1008271,SC5031XXYFAD64
1008267,SC5031XXYFAD64
1008276,SC5031XXYFAD64
1008272,SC5031XXYFAD64
1008268,SC5031XXYFAD64
1008280,SC5031CCYFAD64
1008260,SC5031CCYFAD64
1008264,SC5031CCYFAD64
1008279,SC5031CCYFAD64
1008263,SC5031CCYFAD64
1008277,SC5031CCYFAD64
1008269,SC5031CCYFAD64
1008275,SC5031CCYFAD64
1008271,SC5031CCYFAD64
1008267,SC5031CCYFAD64
1008276,SC5031CCYFAD64
1008272,SC5031CCYFAD64
1008268,SC5031CCYFAD64
40733,HFC5036XQCLA3S
40734,HFC5036XQCLA3S
40736,HFC5036XQCLA3S
40735,HFC5036XQCLA3S
40737,HFC5036XQCLA3S
40770,V60 T5 ZW10GD1
41103,V60 T5 ZW10GD1
41104,V60 T5 ZW10GD1
40817,MXZA10L-AEXGBC2
40818,MXZA10L-AEXGBC2
41773,MXZA10L-AEXGBC2
41774,MXZA10L-AEXGBC2
40817,MXZA10L-AEXGBC3
40818,MXZA10L-AEXGBC3
41773,MXZA10L-AEXGBC3
41774,MXZA10L-AEXGBC3
40817,MXZA10L-AEXGBC4
40818,MXZA10L-AEXGBC4
41773,MXZA10L-AEXGBC4
41774,MXZA10L-AEXGBC4
40817,MXZA10L-AEXGBC5
40818,MXZA10L-AEXGBC5
41773,MXZA10L-AEXGBC5
41774,MXZA10L-AEXGBC5
35120,CLS 300 (257348)
35121,CLS 300 (257348)
34613,E 200 4MATIC (238343)
30693,E 200 4MATIC (238343)
34340,E 200 4MATIC (238343)
35802,E 200 4MATIC (238343)
34613,E 200 4MATIC (238443)
30693,E 200 4MATIC (238443)
34340,E 200 4MATIC (238443)
35802,E 200 4MATIC (238443)
38298,E 300 (238383)
35803,E 300 (238383)
38297,E 300 (238383)
36098,E 350 4MATIC(238386)
28423,GLC 200 4MATIC (253343)
34125,GLC 200 4MATIC (253343)
35863,GLC 200 4MATIC (253343)
38272,GLC 200 4MATIC (253343)
28424,GLC 260 4MATIC (253346)
34126,GLC 260 4MATIC (253346)
35864,GLC 260 4MATIC (253346)
38273,GLC 260 4MATIC (253346)
28425,GLC 300 4MATIC (253349)
34140,GLC 300 4MATIC (253349)
35865,GLC 300 4MATIC (253349)
38274,GLC 300 4MATIC (253349)
27597,SLC 300 (172438)
34610,SLC 300 (172438)
36889,C 300 (205383)
36893,C 300 (205383)
36889,C 300 (205283)
36893,C 300 (205283)
38298,E 300 (238483)
35803,E 300 (238483)
38297,E 300 (238483)
36098,E 350 4MATIC (238386)
38570,GLE 350 4MATIC (167149)
38435,GLE 350 4MATIC (167149)
38298,E 300 (213083)
35803,E 300 (213083)
38297,E 300 (213083)
34607,SLC 260 (172435)
34609,SLC 260 (172435)
40744,SLC 260 (172435)
35145,WRANGLER UNLIMITED(6N84RB)
38809,WRANGLER UNLIMITED(6N84RB)
37978,WRANGLER UNLIMITED(6N84RB)
35146,WRANGLER UNLIMITED(6N84RB)
38810,WRANGLER UNLIMITED(6N84RB)
38544,WRANGLER UNLIMITED(6N84RB)
35145,WRANGLER UNLIMITED(6N84SB)
38809,WRANGLER UNLIMITED(6N84SB)
37978,WRANGLER UNLIMITED(6N84SB)
35146,WRANGLER UNLIMITED(6N84SB)
38810,WRANGLER UNLIMITED(6N84SB)
38544,WRANGLER UNLIMITED(6N84SB)
30713,AR949C846B2A
40390,AR949C846B2A
41093,AR949C846B2A
30712,AR949D846B2A
30211,AR949D846B2A
29398,AR952C826B1A
29399,AR952C826B1A
29400,AR952C826B1A
35673,AR952C826B1A
35674,AR952C826B1A
40379,AR952C826B1A
41092,AR952C826B1A
29396,AR952D826B1A
29397,AR952D826B1A
35671,AR952D826B1A
35672,AR952D826B1A
34568,F-TYPE (WH2EH)
34567,F-TYPE (WH2EH)
34568,F-TYPE (VH2EH)
34567,F-TYPE (VH2EH)
30454,F-PACE (DH5DH)
36216,F-PACE (DH5DH)
41262,F-PACE (DJ5DH)
38358,F-PACE (DJ5DH)
30455,F-PACE (DJ5DH)
30456,F-PACE (DJ5DH)
36217,F-PACE (DJ5DH)
33998,DISCOVERY (DJ7EH)
34110,DISCOVERY (DJ7EH)
36868,DISCOVERY (DJ7EH)
36869,DISCOVERY (DJ7EH)
30454,F-PACE (DH5DB)
36216,F-PACE (DH5DB)
41262,F-PACE (DJ5DB)
38358,F-PACE (DJ5DB)
30455,F-PACE (DJ5DB)
30456,F-PACE (DJ5DB)
36217,F-PACE (DJ5DB)
41445,F-PACE (DJ5EB)
32874,F-PACE (DJ5EB)
36218,F-PACE (DJ5EB)
41445,F-PACE (DJ5EH)
32874,F-PACE (DJ5EH)
36218,F-PACE (DJ5EH)
14934,ZN6E7AT
19804,ZN6E7AT
28130,ZN6E7AT
28131,ZN6E7AT
38626,ZN6E7AT
11443,ZN6E8AT
19803,ZN6E8AT
28129,ZN6E8AT
28014,ZN6E8AT
38625,ZN6E8AT
31483,AGZ10L-AWTLTC2
34637,AGZ10L-AWTLTC2
41736,AGZ10L-AWTLTC2
31484,AGZ15L-AWTLTC2
30239,AGZ15L-AWTLTC2
34638,AGZ15L-AWTLTC2
34639,AGZ15L-AWTLTC2
41738,AGZ15L-AWTLTC2
41740,AGZ15L-AWTLTC2
31484,AGZ15L-AWTLTC3
30239,AGZ15L-AWTLTC3
34638,AGZ15L-AWTLTC3
34639,AGZ15L-AWTLTC3
41738,AGZ15L-AWTLTC3
41740,AGZ15L-AWTLTC3
20605,AYZ10L-AWXLBC3
31485,AYZ10L-AWXLBC3
39982,AYZ10L-AWXLBC3
34640,AYZ10L-AWXLBC3
39979,AYZ10L-AWXLBC3
41741,AYZ10L-AWXLBC3
41742,AYZ10L-AWXLBC3
20604,AYZ15L-AWXLBC3
18797,AYZ15L-AWXLBC3
23702,AYZ15L-AWXLBC3
30240,AYZ15L-AWXLBC3
31487,AYZ15L-AWXLBC3
39983,AYZ15L-AWXLBC3
34641,AYZ15L-AWXLBC3
39984,AYZ15L-AWXLBC3
34642,AYZ15L-AWXLBC3
41743,AYZ15L-AWXLBC3
41744,AYZ15L-AWXLBC3
41745,AYZ15L-AWXLBC3
41746,AYZ15L-AWXLBC3
20605,AYZ10L-AWXLBC2
31485,AYZ10L-AWXLBC2
39982,AYZ10L-AWXLBC2
34640,AYZ10L-AWXLBC2
39979,AYZ10L-AWXLBC2
41741,AYZ10L-AWXLBC2
41742,AYZ10L-AWXLBC2
20604,AYZ15L-AWXLBC2
18797,AYZ15L-AWXLBC2
23702,AYZ15L-AWXLBC2
30240,AYZ15L-AWXLBC2
31487,AYZ15L-AWXLBC2
39983,AYZ15L-AWXLBC2
34641,AYZ15L-AWXLBC2
39984,AYZ15L-AWXLBC2
34642,AYZ15L-AWXLBC2
41743,AYZ15L-AWXLBC2
41744,AYZ15L-AWXLBC2
41745,AYZ15L-AWXLBC2
41746,AYZ15L-AWXLBC2
38750,AYH30L-NFXLB2
38749,AYH30L-NFXLB2
38750,AYH30L-NFXVB2
38749,AYH30L-NFXVB2
39018,AYH30L-PFXLB2
38892,AYH30L-PFXLB2
39018,AYH30L-PFXVB2
38892,AYH30L-PFXVB2
27647,AR949A846B2A
34979,AR949A846B2A
37925,AR949A846B2A
40391,AR949A846B2A
29401,AR952A826B2A
34978,AR952A826B2A
37926,AR952A826B2A
40380,AR952A826B2A
17582,F-TYPE (VHSH)
22615,F-TYPE (VHSH)
14469,F-TYPE (VHSH)
22619,F-TYPE (VHSH)
29252,F-TYPE (VHSH)
34570,F-TYPE (VHSH)
29251,F-TYPE (VHSH)
34569,F-TYPE (VHSH)
17582,F-TYPE (WHSH)
22615,F-TYPE (WHSH)
14469,F-TYPE (WHSH)
22619,F-TYPE (WHSH)
29252,F-TYPE (WHSH)
34570,F-TYPE (WHSH)
29251,F-TYPE (WHSH)
34569,F-TYPE (WHSH)
18282,DISCOVERY (GJSH)
18251,DISCOVERY (GJSH)
18280,DISCOVERY (GJSH)
18281,DISCOVERY (GJSH)
22155,DISCOVERY (GJSH)
22153,DISCOVERY (GJSH)
22154,DISCOVERY (GJSH)
24865,DISCOVERY (GJSH)
24318,DISCOVERY (GJSH)
24863,DISCOVERY (GJSH)
25934,DISCOVERY (GJSH)
24864,DISCOVERY (GJSH)
24319,DISCOVERY (GJSH)
33927,DISCOVERY (GJSH)
33946,DISCOVERY (GJSH)
34109,DISCOVERY (GJSH)
36870,DISCOVERY (GJSH)
36871,DISCOVERY (GJSH)
36872,DISCOVERY (GJSH)
27625,DISCOVERY (GJSH)
27916,DISCOVERY (GJSH)
27917,DISCOVERY (GJSH)
27913,DISCOVERY (GJSH)
27914,DISCOVERY (GJSH)
27915,DISCOVERY (GJSH)
41446,F-PACE (DJTH)
21374,F-PACE (DJTH)
24624,F-PACE (DJTH)
30458,F-PACE (DJTH)
36219,F-PACE (DJTH)
28599,SL 400 (231466)
32854,SL 400 (231466)
30721,AMG GLC 43 4MATIC (253364)
30061,AMG GLC 43 4MATIC (253364)
30723,AMG GLC 43 4MATIC (253364)
30062,AMG GLC 43 4MATIC (253364)
30721,AMG GLC 43 4MATIC (253964)
30061,AMG GLC 43 4MATIC (253964)
30723,AMG GLC 43 4MATIC (253964)
30062,AMG GLC 43 4MATIC (253964)
28279,AMG GLE 43 4MATIC (292364)
31438,AMG GLE 43 4MATIC (292364)
34556,AMG GLE 43 4MATIC (292364)
32471,GLS 320 4MATIC (166862)
34132,GLS 320 4MATIC (166862)
37316,GLS 320 4MATIC (166862)
25592,GLS 400 4MATIC (166856)
25593,GLS 400 4MATIC (166856)
28450,GLS 400 4MATIC (166856)
28859,GLS 400 4MATIC (166856)
28861,GLS 400 4MATIC (166856)
34134,GLS 400 4MATIC (166856)
32475,GLS 400 4MATIC (166856)
34135,GLS 400 4MATIC (166856)
32476,GLS 400 4MATIC (166856)
37317,GLS 400 4MATIC (166856)
32783,S 500 L 4MATIC (222169)
35855,S 500 L 4MATIC (222169)
41542,S 500 L 4MATIC (222169)
24010,GYL25L-AWXGBC3
24475,GYL25L-AWXGBC3
32870,GYL25L-AWXGBC3
22225,GYL25L-AWXGBC3
41612,GYL25L-AWXGBC3
41150,GYL25L-AWXGBC3
41611,GYL25L-AWXGBC3
41151,GYL25L-AWXGBC3
41613,GYL26L-ARXGBC2
41152,GYL26L-ARXGBC2
41614,GYL26L-ARXGBC2
39668,GYL26L-ARXGBC2
41615,GYL26L-ARXGBC2
41153,GYL26L-ARXGBC2
41617,GYL26L-ARXGBC2
41154,GYL26L-ARXGBC2
41613,GYL26L-ARXGBC3
41152,GYL26L-ARXGBC3
41614,GYL26L-ARXGBC3
39668,GYL26L-ARXGBC3
41615,GYL26L-ARXGBC3
41153,GYL26L-ARXGBC3
41617,GYL26L-ARXGBC3
41154,GYL26L-ARXGBC3
41613,GYL26L-ARXGBC4
41152,GYL26L-ARXGBC4
41614,GYL26L-ARXGBC4
39668,GYL26L-ARXGBC4
41615,GYL26L-ARXGBC4
41153,GYL26L-ARXGBC4
41617,GYL26L-ARXGBC4
41154,GYL26L-ARXGBC4
41613,GYL26L-ARXGBC5
41152,GYL26L-ARXGBC5
41614,GYL26L-ARXGBC5
39668,GYL26L-ARXGBC5
41615,GYL26L-ARXGBC5
41153,GYL26L-ARXGBC5
41617,GYL26L-ARXGBC5
41154,GYL26L-ARXGBC5
38906,F150 LTD
39368,F150 LTD
39369,F150 LTD
39370,F150 LTD
33583,AMG G 63 (463276)
39583,AMG G 63 (463276)
33574,AMG G 63 (463276)
39582,AMG G 63 (463276)
25070,G 500 (463260)
28602,G 500 (463260)
28573,G 500 (463260)
30460,G 500 (463260)
33268,G 500 (463260)
39584,G 500 (463260)
26775,AMG C 63 (205086)
21712,AMG C 63 (205086)
28893,AMG C 63 (205086)
36904,AMG C 63 (205086)
34051,AMG C 63 (205086)
26775,AMG C 63 (205386)
21712,AMG C 63 (205386)
28893,AMG C 63 (205386)
36904,AMG C 63 (205386)
34051,AMG C 63 (205386)
26774,AMG C 63 S (205087)
27398,AMG C 63 S (205087)
20428,AMG C 63 S (205087)
28894,AMG C 63 S (205087)
29417,AMG C 63 S (205087)
36905,AMG C 63 S (205087)
36902,AMG C 63 S (205087)
26774,AMG C 63 S (205387)
27398,AMG C 63 S (205387)
20428,AMG C 63 S (205387)
28894,AMG C 63 S (205387)
29417,AMG C 63 S (205387)
36905,AMG C 63 S (205387)
36902,AMG C 63 S (205387)
16111,AMG S 65 L (222179)
17445,AMG S 65 L (222179)
32846,AMG S 65 L (222179)
41570,AMG S 65 L (222179)
32792,S 680 MAYBACH (222980)
34539,S 680 MAYBACH (222980)
40285,S 680 MAYBACH (222980)
37056,S 680 MAYBACH (222980)
40286,S 680 MAYBACH (222980)
41641,S 680 MAYBACH (222980)
41642,S 680 MAYBACH (222980)
