39485,BH6491MCAS
38364,BH6491MCAS
39486,BH6491MCAS
37041,BH6491MCAS
39487,BH6491MCAS
38731,BH6491MCAS
39488,BH6491MCAS
38732,BH6491MCAS
39491,BH6491MCAS
38735,BH6491MCAS
39489,BH6491MCBS
38734,BH6491MCBS
39490,BH6491MCBS
38733,BH6491MCBS
38152,BH6491MCBS
39492,BH6491MCBS
27274,BH7140CBAS
25821,BH7140CBAS
24555,BH7140CBAS
35084,BH7140CBAS
35116,BH7140CBAS
40873,BH7140CBAS
40874,BH7140CBAS
40656,BH7150CBAS
40872,BH7150CBAS
40871,BH7150CBMS
34562,BJ5030XGJF8VA3B
1008091,BJ5036XXY-E8
1008142,BJ5036XXY-E8
1008144,BJ5036XXY-E8
1008143,BJ5036XXY-E8
1007803,BJ5036XXY-E8
1007804,BJ5036XXY-E8
1007805,BJ5036XXY-E8
1008145,BJ5036XXY-E8
1008146,BJ5036XXY-E8
1007806,BJ5036XXY-E8
1007807,BJ5036XXY-E8
41304,BJ6486LAL
41300,BJ6486LAL
41305,BJ6486LAL
41306,BJ6486LEAL
41307,BJ6486LEAL
1008091,BJ6526MD5VA-E1
1008142,BJ6526MD5VA-E1
1008144,BJ6526MD5VA-E1
1008143,BJ6526MD5VA-E1
1007803,BJ6526MD5VA-E1
1007804,BJ6526MD5VA-E1
1007805,BJ6526MD5VA-E1
1008145,BJ6526MD5VA-E1
1008146,BJ6526MD5VA-E1
1007806,BJ6526MD5VA-E1
1007807,BJ6526MD5VA-E1
26469,BJ7150U3BMB
26470,BJ7150U3BMB
26471,BJ7150U3BMB
40450,BJ7150U3BMB
40451,BJ7150U3BMB
26472,BJ7150U3BAB
26473,BJ7150U3BAB
24056,BJ7150U3BAB
40452,BJ7150U3BAB
40453,BJ7150U3BAB
40455,BJ7151U3BCH
40456,BJ7151U3BCH
40457,BJ7151U3BCH
40454,BJ7151U3BMH
40394,BJ7151U3BMH
40845,BJ7152C4DCH
40846,BJ7152C4DCH
40847,BJ7152C4DCH
40844,BJ7152C4DMH
36173,BJ7204LX6
36180,BJ7204LXL6
34534,BJ7204LXL6
40569,BYD6461ST6A
38161,BYD6461ST6A
40568,BYD6461ST6A
38954,BYD6461ST6A
40993,BYD6470MT6A
40995,BYD6470MT6A
38211,BYD6470MT6A
38213,BYD6470MT6A
38203,BYD6470MT6A
38205,BYD6470MT6A
41672,BYD6470MT6A
41674,BYD6470MT6A
38207,BYD6470MT6A
38209,BYD6470MT6A
38196,BYD6470MT6A
38198,BYD6470MT6A
38200,BYD6470MT6A
38202,BYD6470MT6A
11203,BYD7150A6M
11204,BYD7150A6M
11205,BYD7150A6M
13804,BYD7150A6M
13805,BYD7150A6M
15439,BYD7150A6M
15440,BYD7150A6M
13806,BYD7150A6M
15441,BYD7150A6M
33665,BYD7150A6M
18645,BYD7156A6M
18597,BYD7156A6M
18646,BYD7156A6M
21716,BYD7156A6M
21717,BYD7156A6M
21718,BYD7156A6M
33666,BYD7156A6M
33667,BYD7156A6M
27918,BYD7157A6M
27337,BYD7157A6M
27919,BYD7157A6M
33668,BYD7157A6M
28521,CA7167A5A
28522,CA7167A5A
28523,CA7167A5A
28502,CA7167A5A
28527,CA7167A5A
32581,CA7167A5A
30773,CA7167A5A
30774,CA7167A5A
33501,CA7167A5A
30775,CA7167A5A
32579,CA7167A5A
30776,CA7167A5A
32580,CA7167A5A
30777,CA7167A5A
33710,CA7167A5A
33706,CA7167A5A
33707,CA7167A5A
33709,CA7167A5A
25931,CA7167M5A
25932,CA7167M5A
22655,CA7167M5A
25933,CA7167M5A
30768,CA7167M5A
30769,CA7167M5A
30770,CA7167M5A
30771,CA7167M5A
32577,CA7167M5A
30772,CA7167M5A
33705,CA7167M5A
33688,CA7167M5A
35723,CAF7105A51
36547,CAF7105A51
35723,CAF7105A61
36547,CAF7105A61
35717,CAF7105B51
36548,CAF7105B51
35724,CAF7158A5G4
34230,CAF7158A5G4
35724,CAF7158A5G5
34230,CAF7158A5G5
34232,CAF7158A5G6
37742,CAF7158A5P1
35722,CAF7158A5P1
37710,CAF7158A5P1
40702,CAF7158A5P1
40703,CAF7158A6G4
40704,CAF7158A6G4
40703,CAF7158A6G5
40704,CAF7158A6G5
40705,CAF7158A6G6
35717,CAF7105B61
36548,CAF7105B61
35720,CAF7158B5G4
34229,CAF7158B5G4
40537,CAF7158B6G5
40708,CAF7158B6G5
35720,CAF7158B5G5
34229,CAF7158B5G5
34231,CAF7158B5G6
37744,CAF7158B5P1
35718,CAF7158B5P1
37711,CAF7158B5P1
40707,CAF7158B5P1
40537,CAF7158B6G4
40708,CAF7158B6G4
40709,CAF7158B6G6
41063,CAF7158B6G7
41062,CAF7158B6G7
38658,CSA6493WDAT
34456,CSA6493WDAT
34457,CSA6493WDAT
33284,CSA6493WDAT
34459,CSA6493WDAT
38530,CSA7161SEAA
38531,CSA7161SEAA
38532,CSA7161SEAA
39986,CSA7161SEAA
39990,CSA7161SEAA
39992,CSA7161SEAA
38527,CSA7161SEMA
38528,CSA7161SEMA
38529,CSA7161SEMA
39987,CSA7161SEMA
39989,CSA7161SEMA
39991,CSA7161SEMA
25393,DFL7160VBNH4
25395,DFL7160VBNH4
25396,DFL7160VBNH4
25397,DFL7160VBNH4
25398,DFL7160VBNH4
33318,DFL7160VBNH4
33320,DFL7160VBNH4
33321,DFL7160VBNH4
40338,DFL7160VBNH4
40340,DFL7160VBNH4
36076,DFL7160VBNH4
36079,DFL7160VBNH4
36032,DFL7160VBNH4
36081,DFL7160VBNH4
36033,DFL7160VBNH4
36082,DFL7160VBNH4
25393,DFL7160VBNH5
25395,DFL7160VBNH5
25396,DFL7160VBNH5
25397,DFL7160VBNH5
25398,DFL7160VBNH5
33318,DFL7160VBNH5
33320,DFL7160VBNH5
33321,DFL7160VBNH5
40338,DFL7160VBNH5
40340,DFL7160VBNH5
36076,DFL7160VBNH5
36079,DFL7160VBNH5
36032,DFL7160VBNH5
36081,DFL7160VBNH5
36033,DFL7160VBNH5
36082,DFL7160VBNH5
40607,DHW7104FSCSE
36024,DHW7104FSCSE
40608,DHW7104FSCSE
36025,DHW7104FSCSE
40609,DHW7104FSCSE
36026,DHW7104FSCSE
40610,DHW7104FSCSE
35533,DHW7104FSCSE
38383,DHW7104FSCSE
38384,DHW7104FSCSE
38268,DHW7104FSCSE
20917,DHW7151RUCSE
29141,DHW7151RUCSE
40645,DHW7151RUCSE
40646,DHW7151RUCSE
40647,DHW7151RUCSE
40648,DHW7151RUCSE
40649,DHW7151RUCSE
40650,DHW7151RUCSE
40020,DHW7151RUMSE
40021,DHW7151RUMSE
20916,DHW7151RUMSE
29140,DHW7151RUMSE
40643,DHW7151RUMSE
40644,DHW7151RUMSE
35180,DN6461U6T
34220,DN6461U6T
34221,DN6461U6T
31404,DN6461U6T
40698,DN6461U6T
40699,DN6461U6T
40700,DN6461U6T
39039,DN7150K6P
38614,DN7150K6P
39040,DN7150K6P
38832,DN7150K6P
28265,DN7150K6P
27806,DN7150K6P
27807,DN7150K6P
27808,DN7150K6P
28267,DN7150K6P
32070,DN7150K6P
32069,DN7150K6P
32071,DN7150K6P
33690,DN7150K6P
32072,DN7150K6P
39041,DN7150K6P
38833,DN7150K6P
36340,DN7150K6P
39039,DN7150Z6P
38614,DN7150Z6P
39040,DN7150Z6P
38832,DN7150Z6P
28265,DN7150Z6P
27806,DN7150Z6P
27807,DN7150Z6P
27808,DN7150Z6P
28267,DN7150Z6P
32070,DN7150Z6P
32069,DN7150Z6P
32071,DN7150Z6P
33690,DN7150Z6P
32072,DN7150Z6P
39041,DN7150Z6P
38833,DN7150Z6P
36340,DN7150Z6P
1007889,DXK1021NK5H9
1007888,DXK1021TK8H9
36618,DXK6471AS3H
40417,DXK6471AS3H
36619,DXK6471AS3H
40418,DXK6471AS3H
34853,FV6481LAQBG
39929,FV6481LAQBG
34851,FV6481LAQBG
39930,FV6481LAQBG
34853,FV6481LAQDG
39929,FV6481LAQDG
34851,FV6481LAQDG
39930,FV6481LAQDG
34855,FV6481LBQBB
39932,FV6481LBQBB
34854,FV6481LBQBB
39931,FV6481LBQBB
34856,FV6481LBQBB
39933,FV6481LBQBB
34646,FV6481LBQBB
39934,FV6481LBQBB
34855,FV6481LBQCG
39932,FV6481LBQCG
34854,FV6481LBQCG
39931,FV6481LBQCG
34856,FV6481LBQCG
39933,FV6481LBQCG
34646,FV6481LBQCG
39934,FV6481LBQCG
36670,GFA6491FTCBA
41123,GFA6491FTCBA
34366,GFA6491FTCBA
34367,GFA6491FTCBA
41124,GFA6491FTCBA
34368,GFA6491FTCBA
41125,GFA6491FTCBA
34369,GFA6491FTCBA
41126,GFA6491FTCBA
34363,GFA6491FTCBA
41127,GFA6491FTCBA
33371,GFA6491FTCBA
41128,GFA6491FTCBA
41133,GFA6491FTCBA
35250,GFA6491FTCBA
35205,GFA6491FTCBA
41134,GFA6491FTCBA
38663,GFA7130EKCD
38664,GFA7130EKCD
38665,GFA7130EKCD
38666,GFA7130EKCD
38667,GFA7130EKCD
38663,GFA7130EKDD
38664,GFA7130EKDD
38665,GFA7130EKDD
38666,GFA7130EKDD
38667,GFA7130EKDD
38668,GFA7130ETDD
38605,GFA7130ETDD
38669,GFA7130ETDD
35628,GMC7150N
35629,GMC7150N
35630,GMC7150N
40774,GMC7150N
40775,GMC7150N
40776,GMC7150N
40777,GMC7150N
40778,GMC7150N
40779,GMC7150N
35627,GMC7150F
40772,GMC7150F
40773,GMC7150F
35628,GMC7150G
35629,GMC7150G
35630,GMC7150G
40774,GMC7150G
40775,GMC7150G
40776,GMC7150G
40777,GMC7150G
40778,GMC7150G
40779,GMC7150G
35628,GMC7150H
35629,GMC7150H
35630,GMC7150H
40774,GMC7150H
40775,GMC7150H
40776,GMC7150H
40777,GMC7150H
40778,GMC7150H
40779,GMC7150H
35628,GMC7150J
35629,GMC7150J
35630,GMC7150J
40774,GMC7150J
40775,GMC7150J
40776,GMC7150J
40777,GMC7150J
40778,GMC7150J
40779,GMC7150J
34452,GMC7150K
40780,GMC7150K
40781,GMC7150K
35627,GMC7150L
40772,GMC7150L
40773,GMC7150L
35628,GMC7150M
35629,GMC7150M
35630,GMC7150M
40774,GMC7150M
40775,GMC7150M
40776,GMC7150M
40777,GMC7150M
40778,GMC7150M
40779,GMC7150M
35628,GMC7150P
35629,GMC7150P
35630,GMC7150P
40774,GMC7150P
40775,GMC7150P
40776,GMC7150P
40777,GMC7150P
40778,GMC7150P
40779,GMC7150P
34452,GMC7150Q
40780,GMC7150Q
40781,GMC7150Q
39453,GTM7121LPCKM
39245,GTM7121LPCKM
39435,GTM7121LPCKM
39451,GTM7121LPCKM
39449,GTM7121LPCKM
39452,GTM7121LPCKM
39454,GTM7121LPCKM
38799,GTM7121LPCKM
39455,GTM7121LPCKM
38795,GTM7121LPCKM
39453,GTM7121LPCKE
39245,GTM7121LPCKE
39435,GTM7121LPCKE
39451,GTM7121LPCKE
39449,GTM7121LPCKE
39452,GTM7121LPCKE
39454,GTM7121LPCKE
38799,GTM7121LPCKE
39455,GTM7121LPCKE
38795,GTM7121LPCKE
39436,GTM7181LHEVJM
39456,GTM7181LHEVJM
39450,GTM7181LHEVJM
39457,GTM7181LHEVJM
39437,GTM7181LHEVJM
39458,GTM7181LHEVJM
39459,GTM7181LHEVJM
38797,GTM7181LHEVJM
39460,GTM7181LHEVJM
37029,GTM7181LHEVJM
39435,GTM7121LPCJE
39451,GTM7121LPCJE
39449,GTM7121LPCJE
39452,GTM7121LPCJE
39454,GTM7121LPCJE
38799,GTM7121LPCJE
39455,GTM7121LPCJE
38795,GTM7121LPCJE
39435,GTM7121LPCJM
39451,GTM7121LPCJM
39449,GTM7121LPCJM
39452,GTM7121LPCJM
39454,GTM7121LPCJM
38799,GTM7121LPCJM
39455,GTM7121LPCJM
38795,GTM7121LPCJM
39435,GTM7121LPCXE
39451,GTM7121LPCXE
39449,GTM7121LPCXE
39452,GTM7121LPCXE
39454,GTM7121LPCXE
38799,GTM7121LPCXE
39455,GTM7121LPCXE
38795,GTM7121LPCXE
39435,GTM7121LPCXM
39451,GTM7121LPCXM
39449,GTM7121LPCXM
39452,GTM7121LPCXM
39454,GTM7121LPCXM
38799,GTM7121LPCXM
39455,GTM7121LPCXM
38795,GTM7121LPCXM
39436,GTM7181LHEVJE
39456,GTM7181LHEVJE
39450,GTM7181LHEVJE
39457,GTM7181LHEVJE
39437,GTM7181LHEVJE
39458,GTM7181LHEVJE
39459,GTM7181LHEVJE
38797,GTM7181LHEVJE
39460,GTM7181LHEVJE
37029,GTM7181LHEVJE
39436,GTM7181LHEVKE
39456,GTM7181LHEVKE
39450,GTM7181LHEVKE
39457,GTM7181LHEVKE
39437,GTM7181LHEVKE
39458,GTM7181LHEVKE
39459,GTM7181LHEVKE
38797,GTM7181LHEVKE
39460,GTM7181LHEVKE
37029,GTM7181LHEVKE
39436,GTM7181LHEVKM
39456,GTM7181LHEVKM
39450,GTM7181LHEVKM
39457,GTM7181LHEVKM
39437,GTM7181LHEVKM
39458,GTM7181LHEVKM
39459,GTM7181LHEVKM
38797,GTM7181LHEVKM
39460,GTM7181LHEVKM
37029,GTM7181LHEVKM
39436,GTM7181LHEVXE
39456,GTM7181LHEVXE
39450,GTM7181LHEVXE
39457,GTM7181LHEVXE
39437,GTM7181LHEVXE
39458,GTM7181LHEVXE
39459,GTM7181LHEVXE
38797,GTM7181LHEVXE
39460,GTM7181LHEVXE
37029,GTM7181LHEVXE
39436,GTM7181LHEVXM
39456,GTM7181LHEVXM
39450,GTM7181LHEVXM
39457,GTM7181LHEVXM
39437,GTM7181LHEVXM
39458,GTM7181LHEVXM
39459,GTM7181LHEVXM
38797,GTM7181LHEVXM
39460,GTM7181LHEVXM
37029,GTM7181LHEVXM
33251,GXQ6450K
33252,GXQ6450K
37665,GXQ6450K
40403,GXQ6450K
40404,GXQ6450K
40405,GXQ6450K
40409,GXQ6450KT
40410,GXQ6450KT
40406,GXQ6450KT
40407,GXQ6450KT
40408,GXQ6450KT
40719,HFC5026XXYRA2S
40720,HFC5026XXYRA2S
40721,HFC5026XXYRA2S
40722,HFC5026XXYRA2S
40734,HFC6521A3C8S
40736,HFC6521A3C8S
40735,HFC6521A3C8S
40737,HFC6521A3C8S
41025,HQ6453C10
41026,HQ6453C10
40179,HQ6453C10
41023,HQ6453D01
41024,HQ6453D01
40070,HQ7142M05
40159,HQ7142D08
39643,HQ7142D08
41025,HQ6453D20
41026,HQ6453D20
40179,HQ6453D20
40150,HQ6453D24
40151,HQ6453D24
41022,HQ6453M01
39641,HQ7142D07
41429,HQ7142D07
39642,HQ7142D07
40158,HQ7142M06
40071,HQ7152D03
39550,HQ7152D03
40160,HQ7152D05
39531,HQ7152D05
39189,HQ7152PHEV10
33398,HQ7152PHEV10
39189,HQ7152PHEV14
33398,HQ7152PHEV14
1007291,JKC1020SG5EL
1007291,JKC1031SG5EL
1007299,JKC5020CCY-SB5E
1007301,JKC5020CCY-SB5E
1007292,JKC5020CCY-SG5E
1007294,JKC5020CCY-SG5E
1007292,JKC5020CCY-SG5EL
1007294,JKC5020CCY-SG5EL
36616,JL6432D11
36732,JL6432D11
39360,JL6432D11
39361,JL6432D11
35456,JL6432D11
39362,JL6432D11
36638,JL6432D11
39358,JL6432D11
33556,JL6432D11
39359,JL6432D11
31876,JL6453D03
32958,JL6453D03
31890,JL6453D03
31889,JL6453D03
34789,JL6453D03
38976,JL6453D03
38840,JL6453D03
38977,JL6453D03
38841,JL6453D03
38842,JL6453D03
38978,JL6453D03
38843,JL6453D03
38980,JL6453D03
38671,JL6453D03
38981,JL6453D03
35289,JL6453PHEV02
34540,JL6453PHEV02
40485,JL6453PHEV02
40486,JL6453PHEV02
41555,JL6453PHEV02
41556,JL6453PHEV02
41557,JL6453PHEV02
38162,JML6450AD1
41112,JML6450AD1
34304,JNJ6472J1H
34310,JNJ6472J1H
33042,JNJ6472J1H
33073,JNJ6472J1H
34305,JNJ6472J1H
34311,JNJ6472J1H
33043,JNJ6472J1H
33074,JNJ6472J1H
34306,JNJ6472J1H
34312,JNJ6472J1H
33044,JNJ6472J1H
33075,JNJ6472J1H
34309,JNJ6472J1TH
34315,JNJ6472J1TH
33078,JNJ6472J1TH
33081,JNJ6472J1TH
34316,JNJ6472J1TH
33079,JNJ6472J1TH
34307,JNJ6472J1TH
34313,JNJ6472J1TH
33045,JNJ6472J1TH
33076,JNJ6472J1TH
34308,JNJ6472J1TH
34314,JNJ6472J1TH
33046,JNJ6472J1TH
33077,JNJ6472J1TH
1007580,JXW1030BSDA
1007586,JXW1030BSDC
1007577,JXW1031BSCA
41094,LZ6450XQ15BA
40600,LZ6450XQ15BA
40461,LZ6450XQ15BA
41094,LZ6451XQ15BA
40600,LZ6451XQ15BA
40461,LZ6451XQ15BA
1007815,LZW1029P6A
1007816,LZW1029SP6A
1008093,LZW5021XXYEA6A
1008092,LZW5021XXYEA6A
1007819,LZW5021XXYEA6A
1007977,LZW5021XXYEA6A
1007817,LZW5021XXYEA6A
1007818,LZW5021XXYEA6A
1007275,LZW5023XXYDEY
1007811,LZW5023XXYEA6
1007812,LZW5023XXYEA6
1008093,LZW6448EA6
1008092,LZW6448EA6
1007819,LZW6448EA6
1007977,LZW6448EA6
1007817,LZW6448EA6
1007818,LZW6448EA6
1008093,LZW6448EAV6
1008092,LZW6448EAV6
1007819,LZW6448EAV6
1007977,LZW6448EAV6
1007817,LZW6448EAV6
1007818,LZW6448EAV6
40291,LZW6477CT6Z
40288,LZW6477CT6Z
40300,LZW6477CT6Z
40301,LZW6477CT6Z
40289,LZW6477CT6Z
40302,LZW6477CT6Z
40290,LZW6477CT6Z
40334,LZW6478DK6
40335,LZW6478DK6
40336,LZW6478DK6
37761,LZW6480DWY
37762,LZW6480DWY
40820,LZW7156EJ6D
40635,LZW7156EJ6D
41022,MR6453M01
41025,MR6453C11
41026,MR6453C11
40179,MR6453C11
41023,MR6453D01
41024,MR6453D01
41025,MR6453D35
41026,MR6453D35
40179,MR6453D35
40150,MR6453D41
40151,MR6453D41
39298,MR6463D06
39288,MR6463D06
39289,MR6463D06
38760,MR6463D06
39290,MR6463D07
36798,MR6463PHEV01
39299,MR6463PHEV01
39292,MR6463PHEV01
39300,MR6463PHEV01
36798,MR6463PHEV05
39299,MR6463PHEV05
39292,MR6463PHEV05
39300,MR6463PHEV05
38173,MR6471PHEV04
37220,MR6471PHEV04
38174,MR6471PHEV04
38173,MR6471PHEV05
37220,MR6471PHEV05
38174,MR6471PHEV05
39128,MR7102M06
39129,MR7102M06
39883,MR7142D18
39817,MR7142D18
34732,MR7152D22
34733,MR7152D22
39882,MR7152D22
33363,MR7152D23
33364,MR7152D23
33365,MR7152D23
40000,MR7152D23
40001,MR7152D23
40002,MR7152D23
40003,MR7152D23
40004,MR7152D23
39506,MR7152D23
32814,MR7152M10
32813,MR7152M10
32812,MR7152M10
38720,MR7152M10
39881,MR7152M10
33360,MR7152M11
33361,MR7152M11
33362,MR7152M11
39995,MR7152M11
39996,MR7152M11
39997,MR7152M11
39998,MR7152M11
39999,MR7152M11
39814,MR7152M11
34749,MR7153D15
34750,MR7153D15
34751,MR7153D15
34643,MR7153D15
38342,MR7153D15
38343,MR7153D15
38345,MR7153D15
38344,MR7153D15
41560,MR7153PHEV16
41561,MR7153PHEV16
37778,MR7153PHEV16
41558,MR7153PHEV17
41559,MR7153PHEV17
36807,MR7153PHEV17
41220,QAL6460FCJC6
41251,QAL6460FCJC6
41221,QAL6460FCJC6
1007959,SC1025SPBA6
1007956,SC1025SPBA6
1007954,SC1025SPBA6
1008199,SC1021XAS67
1008183,SC1021XAS67
1008167,SC1021XAS67
1008201,SC1021XAS67
1008185,SC1021XAS67
1008169,SC1021XAS67
1008197,SC1021XDD67
1008181,SC1021XDD67
1008165,SC1021XDD67
1008198,SC1021XDD68
1008182,SC1021XDD68
1008166,SC1021XDD68
1007431,SC1022DAAA5
1007429,SC1022DAAA5
1006919,SC1022DAAB5
1006918,SC1022DAAB5
1007430,SC1022DAAB5
1007426,SC1022DAAB5
1007436,SC1022DAAB5
1007432,SC1022DAAB5
1008282,SC1031FAD62
1008262,SC1031FAD62
1008266,SC1031FAD62
1007543,SC5021XXYAAB6
1007545,SC5021XXYAAB6
1007940,SC5021XXYAAB6
1007548,SC5021XXYAAC5
1007547,SC5021XXYAAC5
1007942,SC5021XXYAAC5
34440,SC6469KAD6
34441,SC6469KAD6
34439,SC6469KAD6
35473,SC6469KAD6
39158,SC6469KAD6
39831,SC6469KAD6
39832,SC6469KAD6
39829,SC6469KAD6
39830,SC6469KAD6
35474,SC6469KDB6
34442,SC6469KDB6
34443,SC6469KDB6
34273,SC6469KDB6
34438,SC6469KDB6
39833,SC6469KDB6
39834,SC6469KDB6
39835,SC6469KDB6
39836,SC6469KDB6
39837,SC6469KDB6
41553,SC6479AC6
41254,SC6479CDH6
38163,SC6479CDH6
40955,SC6482BH6
40956,SC6482BH6
40957,SC6482BH6
39263,SC6482BH6
39264,SC6482BH6
35182,SC6482BH6
39267,SC6482BH6
39268,SC6482BH6
35183,SC6482BH6
35623,SC6482BH6
39269,SC6482BH6
39270,SC6482BH6
39271,SC6482BH6
39272,SC6482BH6
35184,SC6482BH6
39273,SC6482BH6
39274,SC6482BH6
33271,SC6482BH6
40959,SC6482BH6
40960,SC6482BH6
40961,SC6482BH6
40962,SC6482BH6
40963,SC6482BH6
40893,SC6482BH6
40964,SC6482BH6
40965,SC6482BH6
40966,SC6482BH6
40950,SC6482C6
40951,SC6482C6
40946,SC6482C6
40947,SC6482C6
40948,SC6482C6
40949,SC6482C6
35625,SC6482C6
39265,SC6482C6
39266,SC6482C6
35624,SC6482C6
39261,SC6482C6
39262,SC6482C6
40952,SC6482C6
40953,SC6482C6
40954,SC6482C6
40950,SC6482CD6
40951,SC6482CD6
40946,SC6482CD6
40947,SC6482CD6
40948,SC6482CD6
40949,SC6482CD6
35625,SC6482CD6
39265,SC6482CD6
39266,SC6482CD6
35624,SC6482CD6
39261,SC6482CD6
39262,SC6482CD6
40952,SC6482CD6
40953,SC6482CD6
40954,SC6482CD6
40950,SC6482CH6
40951,SC6482CH6
40946,SC6482CH6
40947,SC6482CH6
40948,SC6482CH6
40949,SC6482CH6
35625,SC6482CH6
39265,SC6482CH6
39266,SC6482CH6
35624,SC6482CH6
39261,SC6482CH6
39262,SC6482CH6
40952,SC6482CH6
40953,SC6482CH6
40954,SC6482CH6
40955,SC6482E6
40956,SC6482E6
40957,SC6482E6
39263,SC6482E6
39264,SC6482E6
35182,SC6482E6
39267,SC6482E6
39268,SC6482E6
35183,SC6482E6
35623,SC6482E6
39269,SC6482E6
39270,SC6482E6
39271,SC6482E6
39272,SC6482E6
35184,SC6482E6
39273,SC6482E6
39274,SC6482E6
33271,SC6482E6
40959,SC6482E6
40960,SC6482E6
40961,SC6482E6
40962,SC6482E6
40963,SC6482E6
40893,SC6482E6
40964,SC6482E6
40965,SC6482E6
40966,SC6482E6
40955,SC6482ED6
40956,SC6482ED6
40957,SC6482ED6
39263,SC6482ED6
39264,SC6482ED6
35182,SC6482ED6
39267,SC6482ED6
39268,SC6482ED6
35183,SC6482ED6
35623,SC6482ED6
39269,SC6482ED6
39270,SC6482ED6
39271,SC6482ED6
39272,SC6482ED6
35184,SC6482ED6
39273,SC6482ED6
39274,SC6482ED6
33271,SC6482ED6
40959,SC6482ED6
40960,SC6482ED6
40961,SC6482ED6
40962,SC6482ED6
40963,SC6482ED6
40893,SC6482ED6
40964,SC6482ED6
40965,SC6482ED6
40966,SC6482ED6
40955,SC6482EH6
40956,SC6482EH6
40957,SC6482EH6
39263,SC6482EH6
39264,SC6482EH6
35182,SC6482EH6
39267,SC6482EH6
39268,SC6482EH6
35183,SC6482EH6
35623,SC6482EH6
39269,SC6482EH6
39270,SC6482EH6
39271,SC6482EH6
39272,SC6482EH6
35184,SC6482EH6
39273,SC6482EH6
39274,SC6482EH6
33271,SC6482EH6
40959,SC6482EH6
40960,SC6482EH6
40961,SC6482EH6
40962,SC6482EH6
40963,SC6482EH6
40893,SC6482EH6
40964,SC6482EH6
40965,SC6482EH6
40966,SC6482EH6
35227,SC7144BAA6
35233,SC7144BAA6
35234,SC7144BAA6
40501,SC7144BAA6
40502,SC7144BAA6
40503,SC7144BAA6
35227,SC7144BAB6
35233,SC7144BAB6
35234,SC7144BAB6
40501,SC7144BAB6
40502,SC7144BAB6
40503,SC7144BAB6
29801,SC7164HAA5
29653,SC7164HAA5
29802,SC7164HAA5
40730,SC7164HAA5
41081,SC7164HAA5
39889,SC7144GCA6
40517,SC7144GCA6
40516,SC7144GCA6
39889,SC7144GCB6
40517,SC7144GCB6
40516,SC7144GCB6
39890,SC7145KB6
40519,SC7145KB6
40521,SC7145KB6
39890,SC7145KBA6
40519,SC7145KBA6
40521,SC7145KBA6
39890,SC7145KBB6
40519,SC7145KBB6
40521,SC7145KBB6
39890,SC7145KBH6
40519,SC7145KBH6
40521,SC7145KBH6
35235,SC7152AAA6
35236,SC7152AAA6
34880,SC7152AAA6
40504,SC7152AAA6
40505,SC7152AAA6
40506,SC7152AAA6
35235,SC7152AAB6
35236,SC7152AAB6
34880,SC7152AAB6
40504,SC7152AAB6
40505,SC7152AAB6
40506,SC7152AAB6
29803,SC7164HBA5
29804,SC7164HBA5
29805,SC7164HBA5
40731,SC7164HBA5
41082,SC7164HBA5
35921,SC7169KA5
34043,SC7169KA5
35922,SC7169KA5
35925,SC7169KA5
34044,SC7169KA5
34048,SC7169KA5
35923,SC7169KA5
33735,SC7169KA5
35924,SC7169KA5
34045,SC7169KA5
38468,SC7169KA5
40507,SC7169KA5
38470,SC7169KA5
38471,SC7169KA5
38472,SC7169KA5
35921,SC7169KAA5
34043,SC7169KAA5
35922,SC7169KAA5
35925,SC7169KAA5
34044,SC7169KAA5
34048,SC7169KAA5
35923,SC7169KAA5
33735,SC7169KAA5
35924,SC7169KAA5
34045,SC7169KAA5
38468,SC7169KAA5
40507,SC7169KAA5
38470,SC7169KAA5
38471,SC7169KAA5
38472,SC7169KAA5
40687,SGM6456GBA1
40686,SGM6456GBA1
38545,SGM6456GBA1
40176,SGM6456GBX1
39811,SGM7101JBA1
39581,SGM7101JBA1
39810,SGM7101JNA1
40688,SGM7102JBA1
40689,SGM7102JBA1
39812,SGM7131JBA1
39813,SGM7131JBA1
38542,SGM7131JBA1
40690,SGM7132JBA1
38793,SGM7132JBA1
40836,SH6472P1GB
41316,SH6472P1GB
41684,SH6472P1GB
41317,SH6472P1GB
41685,SH6472P1GB
41319,SH6472P1GB
41686,SH6472P1GB
41320,SH6472P1GB
41687,SH6472P1GB
37616,SH6472P1GB
39851,SH6501FAGB-A
39852,SH6501FAGB-A
35220,SQR5021XXYF01
35222,SQR5021XXYF01
35223,SQR5021XXYF01
35221,SQR5021XXYF01
35216,SQR5020XXYF01
35217,SQR5020XXYF01
35218,SQR5020XXYF01
35219,SQR5020XXYF01
36715,SQR5022XXYF01
36716,SQR5022XXYF01
36713,SQR5022XXYF01
36714,SQR5022XXYF01
39597,SQR6470T189
39588,SQR6470T189
39591,SQR6470T189
39597,SQR6470T1A9
39588,SQR6470T1A9
39591,SQR6470T1A9
39594,SQR6470T1AT9
39600,SQR6470T1AT9
39597,SQR6471T1A9
39588,SQR6471T1A9
39591,SQR6471T1A9
39140,SQR6471T1AT9
39141,SQR6471T1AT9
39142,SQR6471T1AT9
39143,SQR6471T1AT9
38847,SQR6471T1AT9
38848,SQR6471T1AT9
38849,SQR6471T1AT9
38554,SQR6471T1AT9
39585,SQR6471T1AT9
39594,SQR6472T1AT9
39600,SQR6472T1AT9
39140,SQR6473T1AT9
39141,SQR6473T1AT9
39142,SQR6473T1AT9
39143,SQR6473T1AT9
38847,SQR6473T1AT9
38848,SQR6473T1AT9
38849,SQR6473T1AT9
38554,SQR6473T1AT9
39585,SQR6473T1AT9
40524,SQR6480F08T9
41308,SQR6480F08T9
40526,SQR6480F08T9
40527,SQR6480F08T9
41309,SQR6480F08T9
40529,SQR6480F08T9
40530,SQR6480F08T9
41310,SQR6480F08T9
40532,SQR6480F08T9
40533,SQR6480F08T9
41311,SQR6480F08T9
40523,SQR6480F08T9
40524,SQR6482F08T9
41308,SQR6482F08T9
40526,SQR6482F08T9
40527,SQR6482F08T9
41309,SQR6482F08T9
40529,SQR6482F08T9
40530,SQR6482F08T9
41310,SQR6482F08T9
40532,SQR6482F08T9
40533,SQR6482F08T9
41311,SQR6482F08T9
40523,SQR6482F08T9
40524,SQR6483F08T9
41308,SQR6483F08T9
40526,SQR6483F08T9
40527,SQR6483F08T9
41309,SQR6483F08T9
40529,SQR6483F08T9
40530,SQR6483F08T9
41310,SQR6483F08T9
40532,SQR6483F08T9
40533,SQR6483F08T9
41311,SQR6483F08T9
40523,SQR6483F08T9
25227,SQR7150J609
25228,SQR7150J609
25698,SQR7150J609
25229,SQR7150J609
28071,SQR7150J609
24613,SQR7150J609
29787,SQR7150J609
29788,SQR7150J609
29790,SQR7150J609
29792,SQR7150J609
29789,SQR7150J609
29791,SQR7150J609
33637,SQR7150J609
41950,SQR7150J609
36181,SQR7150J609
39060,SQR7150J609
39123,SQR7150J609
40162,SQR7150J609
36182,SQR7150J609
39061,SQR7150J609
39122,SQR7150J609
40163,SQR7150J609
36183,SQR7150J609
39062,SQR7150J609
39124,SQR7150J609
40164,SQR7150J609
40046,SQR7150T199
36486,SQR7150T199
40047,SQR7150T199
36487,SQR7150T199
40048,SQR7150T199
36488,SQR7150T199
36489,SQR7150T19T9
36490,SQR7150T19T9
36491,SQR7150T19T9
36334,SQR7150T19T9
41702,SQR7150T19T9
40049,SQR7150T19T9
40050,SQR7150T19T9
39072,SQR7152M1D9
40168,SQR7152M1D9
39073,SQR7152M1D9
40169,SQR7152M1D9
39074,SQR7152M1D9
40171,SQR7152M1D9
39908,SVW71512AF
39904,SVW71512AF
39910,SVW71512BF
39906,SVW71512BF
39912,SVW71512CF
39914,SVW71512DF
39916,SVW71512DF
39908,SVW71512GF
39904,SVW71512GF
39910,SVW71512HF
39906,SVW71512HF
40764,SVW71513AF
40765,SVW71513AF
40767,SVW71513AF
40768,SVW71513BF
40769,SVW71513BF
40766,SVW71513BF
40747,SVW71514AF
40748,SVW71514AF
40750,SVW71514AF
40751,SVW71514BF
40752,SVW71514BF
40749,SVW71514BF
1007092,XML5028XXY25
1007093,XML5028XXY25
1007476,XML5028XXY25
1007475,XML5028XXY25
1007477,XML5028XXY25
1007092,XML6452J25
1007093,XML6452J25
1007476,XML6452J25
1007475,XML6452J25
1007477,XML6452J25
1006907,ZN1035FCX5
1006602,ZN1035FCX5
1006914,ZN1035U5N6
1007920,ZN1035U5N6
1006913,ZN1035U5N6
1007919,ZN1035U5N6
1006912,ZN1035UCN6
1007918,ZN1035UCN6
1006911,ZN1035UCN6
1007917,ZN1035UCN6
1006909,ZN5035XXYU5X5
1006910,ZN5035XXYU5X5
1006907,ZN5035XXYUCX5
1006602,ZN5035XXYUCX5
31622,BYD6470MT2
28792,BYD6470MT2
31940,BYD6470MT2
31623,BYD6470MT2
34352,BYD6470MT2
34096,BYD6470MT2
34353,BYD6470MT2
34354,BYD6470MT2
33704,BYD6470MT2
34350,BYD6470MT2
34351,BYD6470MT2
40992,BYD6470MT2
40994,BYD6470MT2
38210,BYD6470MT2
38212,BYD6470MT2
38204,BYD6470MT2
37739,BYD6470MT2
41671,BYD6470MT2
41673,BYD6470MT2
38208,BYD6470MT2
37751,BYD6470MT2
38195,BYD6470MT2
38197,BYD6470MT2
38199,BYD6470MT2
38201,BYD6470MT2
38897,CA6471
38898,CA6471
38900,CA6471
38899,CA6471T
37173,CA6471T
40255,CA6500T
40256,CA6500T
40253,CA6500T
40254,CA6500T
40255,CA6500T1
40256,CA6500T1
40253,CA6500T1
40254,CA6500T1
41516,CC6464RM05A
41517,CC6464RM05A
40607,DHW7103FSCSE
36024,DHW7103FSCSE
40608,DHW7103FSCSE
36025,DHW7103FSCSE
40609,DHW7103FSCSE
36026,DHW7103FSCSE
40610,DHW7103FSCSE
35533,DHW7103FSCSE
38383,DHW7103FSCSE
38384,DHW7103FSCSE
38268,DHW7103FSCSE
40828,FV7126NADDG
38347,FV7126NADDG
40830,FV7126NADDG
38349,FV7126NADDG
34364,GFA6491FGCAA
41121,GFA6491FGCAA
34365,GFA6491FGCAA
41122,GFA6491FGCAA
41130,GFA6491FGCAA
35247,GFA6491FGCAA
41131,GFA6491FGCAA
35248,GFA6491FGCAA
34364,GFA6491FGCAB
41121,GFA6491FGCAB
34365,GFA6491FGCAB
41122,GFA6491FGCAB
41130,GFA6491FGCAB
35247,GFA6491FGCAB
41131,GFA6491FGCAB
35248,GFA6491FGCAB
34364,GFA6491FGDAA
41121,GFA6491FGDAA
34365,GFA6491FGDAA
41122,GFA6491FGDAA
41130,GFA6491FGDAA
35247,GFA6491FGDAA
41131,GFA6491FGDAA
35248,GFA6491FGDAA
34364,GFA6491FGDAB
41121,GFA6491FGDAB
34365,GFA6491FGDAB
41122,GFA6491FGDAB
41130,GFA6491FGDAB
35247,GFA6491FGDAB
41131,GFA6491FGDAB
35248,GFA6491FGDAB
36670,GFA6491FTCBB
41123,GFA6491FTCBB
34366,GFA6491FTCBB
34367,GFA6491FTCBB
41124,GFA6491FTCBB
34368,GFA6491FTCBB
41125,GFA6491FTCBB
34369,GFA6491FTCBB
41126,GFA6491FTCBB
34363,GFA6491FTCBB
41127,GFA6491FTCBB
33371,GFA6491FTCBB
41128,GFA6491FTCBB
41133,GFA6491FTCBB
35250,GFA6491FTCBB
35205,GFA6491FTCBB
41134,GFA6491FTCBB
36670,GFA6491FTDBA
41123,GFA6491FTDBA
34366,GFA6491FTDBA
34367,GFA6491FTDBA
41124,GFA6491FTDBA
34368,GFA6491FTDBA
41125,GFA6491FTDBA
34369,GFA6491FTDBA
41126,GFA6491FTDBA
34363,GFA6491FTDBA
41127,GFA6491FTDBA
33371,GFA6491FTDBA
41128,GFA6491FTDBA
41133,GFA6491FTDBA
35250,GFA6491FTDBA
35205,GFA6491FTDBA
41134,GFA6491FTDBA
36670,GFA6491FTDBB
41123,GFA6491FTDBB
34366,GFA6491FTDBB
34367,GFA6491FTDBB
41124,GFA6491FTDBB
34368,GFA6491FTDBB
41125,GFA6491FTDBB
34369,GFA6491FTDBB
41126,GFA6491FTDBB
34363,GFA6491FTDBB
41127,GFA6491FTDBB
33371,GFA6491FTDBB
41128,GFA6491FTDBB
41133,GFA6491FTDBB
35250,GFA6491FTDBB
35205,GFA6491FTDBB
41134,GFA6491FTDBB
1007298,JKC1021SB5E
1007291,JKC1021SG5E
39572,JL6432PHEV07
39573,JL6432PHEV07
37850,JL6432PHEV07
39572,JL6432PHEV10
39573,JL6432PHEV10
37850,JL6432PHEV10
40598,LZ6450XQ16BM
40599,LZ6450XQ16BM
34832,MR7153PHEV10
34833,MR7153PHEV10
34095,MR7153PHEV10
41178,MR7153PHEV10
41179,MR7153PHEV10
41180,MR7153PHEV10
41174,MR7183D01
1007211,SC1025SNB5
1007212,SC1025SNB5
1007206,SC1025SNB5
1007207,SC1025SNB5
1007201,SC1025SNB5
1007202,SC1025SNB5
1007197,SC1025SNB5
1007077,SC1025SNB5
1007198,SC1025SNB5
1007199,SC1025SNB5
1007200,SC1025SNB5
1007203,SC1025SNB5
1007204,SC1025SNB5
1007205,SC1025SNB5
1007208,SC1025SNB5
1007209,SC1025SNB5
1007210,SC1025SNB5
1007213,SC1025SNB5
1007214,SC1025SNB5
1007215,SC1025SNB5
1008282,SC1031FAD61
1008262,SC1031FAD61
1008266,SC1031FAD61
1008281,SC1031FAS62
1008261,SC1031FAS62
1008265,SC1031FAS62
1008253,SC1031NAS65
1008244,SC1031NAS65
1008235,SC1031NAS65
1008254,SC1031NAS65
1008245,SC1031NAS65
1008236,SC1031NAS65
1008255,SC1031NGD61
1008246,SC1031NGD61
1008237,SC1031NGD61
1008252,SC1031NGD65
1008243,SC1031NGD65
1008234,SC1031NGD65
1008199,SC1031XAS65
1008183,SC1031XAS65
1008167,SC1031XAS65
1008201,SC1031XAS65
1008185,SC1031XAS65
1008169,SC1031XAS65
1008226,SC1031YAS65
1008220,SC1031YAS65
1008214,SC1031YAS65
1008227,SC1031YAS65
1008221,SC1031YAS65
1008215,SC1031YAS65
1008228,SC1031YGD61
1008222,SC1031YGD61
1008216,SC1031YGD61
1008225,SC1031YGD65
1008219,SC1031YGD65
1008213,SC1031YGD65
1007933,SC1035DCB6
1007933,SC1035DCBA6
1007933,SC1035DCBC6
1007921,SC1035DCBD6
1007921,SC1035DCBE6
1007921,SC1035DCBG6
1007936,SC1035SCB6
1007930,SC1035SCBF6
1007930,SC1035SCBG6
1007936,SC1035SCBL6
1007930,SC1035SCBM6
1007931,SC5035CCYSCBG6
1007931,SC5035CCYSCBM6
1007922,SC5035CCYDCBG6
1007937,SC5035CCYSCB6
1007934,SC5035CCYDCBA6
1007934,SC5035CCYDCBC6
1007922,SC5035CCYDCBE6
1007937,SC5035CCYSCBL6
1007935,SC5035XXYDCBA6
1007935,SC5035XXYDCBC6
1007923,SC5035XXYDCBD6
1007923,SC5035XXYDCBG6
1007938,SC5035XXYSCB6
1007932,SC5035XXYSCBF6
1007938,SC5035XXYSCBL6
1007932,SC5035XXYSCBM6
33736,SC7168FAA6
33992,SC7168FAA6
40477,SC7168FAA6
40487,SC7168FAA6
40488,SC7168FAA6
37126,SC7168FAA6
33686,SC7168FAA6
33862,SC7168FAA6
40478,SC7168FAA6
40219,SC7168FAA6
40479,SC7168FAA6
40489,SC7168FAA6
33736,SC7168FAAH6
33992,SC7168FAAH6
40477,SC7168FAAH6
40487,SC7168FAAH6
40488,SC7168FAAH6
37126,SC7168FAAH6
33686,SC7168FAAH6
33862,SC7168FAAH6
40478,SC7168FAAH6
40219,SC7168FAAH6
40479,SC7168FAAH6
40489,SC7168FAAH6
33736,SC7168FAB6
33992,SC7168FAB6
40477,SC7168FAB6
40487,SC7168FAB6
40488,SC7168FAB6
37126,SC7168FAB6
33686,SC7168FAB6
33862,SC7168FAB6
40478,SC7168FAB6
40219,SC7168FAB6
40479,SC7168FAB6
40489,SC7168FAB6
33736,SC7168FABH6
33992,SC7168FABH6
40477,SC7168FABH6
40487,SC7168FABH6
40488,SC7168FABH6
37126,SC7168FABH6
33686,SC7168FABH6
33862,SC7168FABH6
40478,SC7168FABH6
40219,SC7168FABH6
40479,SC7168FABH6
40489,SC7168FABH6
33993,SC7168FBA6
40480,SC7168FBA6
40490,SC7168FBA6
33994,SC7168FBA6
32264,SC7168FBA6
40481,SC7168FBA6
40491,SC7168FBA6
40482,SC7168FBA6
40492,SC7168FBA6
33993,SC7168FBB6
40480,SC7168FBB6
40490,SC7168FBB6
33994,SC7168FBB6
32264,SC7168FBB6
40481,SC7168FBB6
40491,SC7168FBB6
40482,SC7168FBB6
40492,SC7168FBB6
40791,SGM6511NBA1
40792,SGM6511NBX1
40793,SGM6511NBX1
40794,SGM6511NBX1
40795,SGM6511NBX1
37728,SGM6511NBX1
40791,SGM6511NBA2
40792,SGM6511NBX2
40793,SGM6511NBX2
40794,SGM6511NBX2
40795,SGM6511NBX2
37728,SGM6511NBX2
38284,YQZ6460AGE6
38285,YQZ6460AGE6
38284,YQZ6460AE6
38285,YQZ6460AE6
37267,BH6446YAS
37268,BH6446YAS
37269,BH6446YAS
36369,BH7163CAAS
36370,BH7163CAAS
36371,BH7163CAAS
36372,BH7163CAAS
37112,BH6452MAAS
37105,BH6452MAAS
36786,BH6452MAAS
37106,BH6452MAAS
37107,BH6452MAAS
35703,BH6452MABS
36363,BH7141CAAS
36364,BH7141CAAS
36365,BH7141CAAS
36366,BH7141CAAS
36367,BH7162CAAS
36368,BH7162CAAS
1007608,BJ1031MMT54
1007776,BJ1034MMT51
1005784,BJ1037V4MD6-H1
1005786,BJ1037V4MD6-H1
1005785,BJ1037V4MD6-H1
1006762,BJ1037V4MD6-H1
1006760,BJ1037V4MD6-H1
1008137,BJ1037V4MD6-H1
1008133,BJ1037V4MD6-H1
1004307,BJ1037V4MD6-H1
1004305,BJ1037V4MD6-H1
1005143,BJ1037V4MD6-H1
1005794,BJ1037V4MD6-H1
1005142,BJ1037V4MD6-H1
1005793,BJ1037V4MD6-H1
1004976,BJ1037V4MD6-H1
1004975,BJ1037V4MD6-H1
1005795,BJ1037V4MD6-H1
1006110,BJ1037V4MD6-H1
1006106,BJ1037V4MD6-H1
1007775,BJ2034HMT51
36642,BJ7138KEL6
40542,BJ7138KEL6
40543,BJ7138KEL6
36749,BJ7138KEL6
40544,BJ7138KL6
34428,BJ7138KL6
40545,BJ7138KL6
34253,BJ7138KL6
36319,BJ7138KL7
35501,BJ7155U5ECH
35500,BJ7155U5ECH
35633,BJ7155U5ECH
40583,BJ7155U5ECH
40584,BJ7155U5ECH
40582,BJ7155U5ECH
35634,BJ7155U5EMH
35635,BJ7155U5EMH
35636,BJ7155U5EMH
39145,BJ7155U5EMH
40579,BJ7155U5EMH
40580,BJ7155U5EMH
40581,BJ7155U5EMH
40539,BJ7208KEAL6
36355,CA6455MTE5A
40088,CA6455MTE5A
40089,CA6455MTE5A
38593,CA6455MTE5A
36329,CA6455MTE5A
38591,CA6455MTE5A
34090,CA7188ATE6TG1
34138,CA7188ATE6TG1
34139,CA7188ATE6TG1
34197,CA7188ATE6TG1
35590,CA7188ATE6TG1
34111,CA7188ATE6TG1
35592,CA7188ATE6TG1
41571,CC6481AD02C
41564,CC6481AD02C
39364,CC7153UM09A
39365,CC7153UM09A
39293,CC7153UM09A
38878,CC7153UM09A
39034,DC6456KXAB18
40458,DC7129KSAB
38316,DC7168KSAB
38317,DC7168KSAB
40786,DFL7162MANH1
40788,DFL7162MANH1
40786,DFL7162MANH2
40788,DFL7162MANH2
40787,DFL7162VANH1
40789,DFL7162VANH1
40790,DFL7162VANH1
40787,DFL7162VANH2
40789,DFL7162VANH2
40790,DFL7162VANH2
38890,DFL7162VANH4
39260,DFM7140G2D3
39259,DFM7140G2D3
38880,DFM7140G2D3
28542,DHW7101FCCSE
39307,DHW7101FCCSE
39313,DHW7101FCCSE
39308,DHW7101FCCSE
39314,DHW7101FCCSE
39309,DHW7101FCCSE
39315,DHW7101FCCSE
40606,DHW7101FSMSE
36023,DHW7101FSMSE
38382,DHW7101FSMSE
28542,DHW7102FCCSE
39307,DHW7102FCCSE
39313,DHW7102FCCSE
39308,DHW7102FCCSE
39314,DHW7102FCCSE
39309,DHW7102FCCSE
39315,DHW7102FCCSE
40607,DHW7102FSCSE
36024,DHW7102FSCSE
40608,DHW7102FSCSE
36025,DHW7102FSCSE
40609,DHW7102FSCSE
36026,DHW7102FSCSE
40610,DHW7102FSCSE
35533,DHW7102FSCSE
38383,DHW7102FSCSE
38384,DHW7102FSCSE
38268,DHW7102FSCSE
25892,DHW7153FCCSE
25893,DHW7153FCCSE
25894,DHW7153FCCSE
39311,DHW7153FCCSE
39317,DHW7153FCCSE
39258,DHW7153FCCSE
39318,DHW7153FCCSE
39312,DHW7153FCCSE
39319,DHW7153FCCSE
39282,DHW7153FCCSE
39320,DHW7153FCCSE
25892,DHW7153FCCSF
25893,DHW7153FCCSF
25894,DHW7153FCCSF
39311,DHW7153FCCSF
39317,DHW7153FCCSF
39258,DHW7153FCCSF
39318,DHW7153FCCSF
39312,DHW7153FCCSF
39319,DHW7153FCCSF
39282,DHW7153FCCSF
39320,DHW7153FCCSF
39310,DHW7153FCMSF
39316,DHW7153FCMSF
25891,DHW7153FCMSE
39310,DHW7153FCMSE
39316,DHW7153FCMSE
25892,DHW7154FCCSE
25893,DHW7154FCCSE
25894,DHW7154FCCSE
39311,DHW7154FCCSE
39317,DHW7154FCCSE
39258,DHW7154FCCSE
39318,DHW7154FCCSE
39312,DHW7154FCCSE
39319,DHW7154FCCSE
39282,DHW7154FCCSE
39320,DHW7154FCCSE
25892,DHW7154FCCSF
25893,DHW7154FCCSF
25894,DHW7154FCCSF
39311,DHW7154FCCSF
39317,DHW7154FCCSF
39258,DHW7154FCCSF
39318,DHW7154FCCSF
39312,DHW7154FCCSF
39319,DHW7154FCCSF
39282,DHW7154FCCSF
39320,DHW7154FCCSF
39311,DHW7155FCCSE
39317,DHW7155FCCSE
39258,DHW7155FCCSE
39318,DHW7155FCCSE
39312,DHW7155FCCSE
39319,DHW7155FCCSE
39282,DHW7155FCCSE
39320,DHW7155FCCSE
39311,DHW7155FCCSF
39317,DHW7155FCCSF
39258,DHW7155FCCSF
39318,DHW7155FCCSF
39312,DHW7155FCCSF
39319,DHW7155FCCSF
39282,DHW7155FCCSF
39320,DHW7155FCCSF
27438,DXK6470AS8H
26210,DXK6470AS8H
27439,DXK6470AS8H
26198,DXK6470AS8H
31896,DXK6470AS8H
29085,DXK6470AS8H
31892,DXK6470AS8H
30199,DXK6470AS8H
31895,DXK6470AS8H
37943,DXK6470AS8H
35265,DXK6470AS8H
36047,DXK6470AS8H
37178,DXK6470AS8H
39847,DXK6470AS9H
38668,GFA6440ETDD
38605,GFA6440ETDD
38669,GFA6440ETDD
38662,GFA7130EFDD
32703,GTM7250CGE
31888,GTM7250CGE
37897,GTM7250CGE
37931,GTM7250CGE
37898,GTM7250CGE
37932,GTM7250CGE
32703,GTM7250CGM
31888,GTM7250CGM
37897,GTM7250CGM
37931,GTM7250CGM
37898,GTM7250CGM
37932,GTM7250CGM
32704,GTM7250CHEVEE
31824,GTM7250CHEVEE
37899,GTM7250CHEVEE
37904,GTM7250CHEVEE
37900,GTM7250CHEVEE
37905,GTM7250CHEVEE
32704,GTM7250CHEVEM
31824,GTM7250CHEVEM
37899,GTM7250CHEVEM
37904,GTM7250CHEVEM
37900,GTM7250CHEVEM
37905,GTM7250CHEVEM
32704,GTM7250CHEVGE
31824,GTM7250CHEVGE
37899,GTM7250CHEVGE
37904,GTM7250CHEVGE
37900,GTM7250CHEVGE
37905,GTM7250CHEVGE
37901,GTM7250CHEVGE
37906,GTM7250CHEVGE
32704,GTM7250CHEVGM
31824,GTM7250CHEVGM
37899,GTM7250CHEVGM
37904,GTM7250CHEVGM
37900,GTM7250CHEVGM
37905,GTM7250CHEVGM
37901,GTM7250CHEVGM
37906,GTM7250CHEVGM
31887,GTM7250CSE
37903,GTM7250CSE
37934,GTM7250CSE
31887,GTM7250CSM
37903,GTM7250CSM
37934,GTM7250CSM
40719,HFC6470RA2C7S
40720,HFC6470RA2C7S
40721,HFC6470RA2C7S
40722,HFC6470RA2C7S
40723,HFC6470RA2C7S
40724,HFC6470RA2C7S
30254,HFC6480E1CS
30600,HFC6480E1CS
30601,HFC6480E1CS
30869,HFC6480E1CS
32880,HFC6480E1CS
32754,HFC6480E1CS
32881,HFC6480E1CS
32755,HFC6480E1CS
32882,HFC6480E1CS
32756,HFC6480E1CS
32883,HFC6480E1CS
32753,HFC6480E1CS
40924,HFC6480E1CS
30255,HFC6480E1CTS
30256,HFC6480E1CTS
30602,HFC6480E1CTS
30870,HFC6480E1CTS
34742,HFC6480E1CTS
32757,HFC6480E1CTS
32884,HFC6480E1CTS
36613,HFC6480E1CTS
34743,HFC6480E1CTS
32758,HFC6480E1CTS
32885,HFC6480E1CTS
34744,HFC6480E1CTS
34745,HFC6480E1CTS
35916,HFC6480E1CTS
32759,HFC6480E1CTS
32886,HFC6480E1CTS
32760,HFC6480E1CTS
32887,HFC6480E1CTS
32761,HFC6480E1CTS
32888,HFC6480E1CTS
40926,HFC6480E1CTS
40927,HFC6480E1CTS
40928,HFC6480E1CTS
40929,HFC6480E1CTS
40930,HFC6480E1CTS
40725,HFC7151MS
40570,HFC7151MS
40571,HFC7151MS
40572,HFC7151MS
40726,HFC7151MS
40036,HMA6461A64EV
40037,HMA6461A64EV
40034,HMA6461A64EV
40035,HMA6461A64EV
40032,HMA6461A64AV
40033,HMA6461A64AV
40036,HMA6461A64BV
40037,HMA6461A64BV
40034,HMA6461A64BV
40035,HMA6461A64BV
1007217,JKC1020DB5D
1007298,JKC1020SB5E
22022,JKC6450J5CC
33178,JKC6450J5CC
39869,JL6453D05
40123,JL6453D05
39870,JL6453D05
39866,JL6453M01
39867,JL6453M01
39873,JL7151D01
39781,JL7151D01
39871,JL7151M01
39872,JL7151M01
39841,JL7151M01
39880,JL7152D05
39816,JL7152D05
32625,JL7152M01
32626,JL7152M01
38717,JL7152M01
39878,JL7152M01
39875,JL7152M01
39879,JL7152M01
35055,JNJ6480J
35056,JNJ6480J
35058,JNJ6480Q1JT
35059,JNJ6480Q1JT
33518,JNJ6480Q1JT
37229,JNJ6480Q1JT
35057,JNJ6480Q1JT
35053,JNJ6480QJ
35054,JNJ6480QJ
1007577,JXW1031BSCB
1007583,JXW1031BSCC
29450,LF6440C3
29451,LF6440C3
29452,LF6440D1
40306,LZW6461DW6
40307,LZW6461DW6
40308,LZW6461DW6
40309,LZW6461DW6
40291,LZW6477CTV6Z
40288,LZW6477CTV6Z
40300,LZW6477CTV6Z
40301,LZW6477CTV6Z
40289,LZW6477CTV6Z
40302,LZW6477CTV6Z
40290,LZW6477CTV6Z
40294,LZW6477DW6Z
40292,LZW6477DW6Z
40303,LZW6477DW6Z
40293,LZW6477DW6Z
40304,LZW6477DW6Z
40294,LZW6477DWV6Z
40292,LZW6477DWV6Z
40303,LZW6477DWV6Z
40293,LZW6477DWV6Z
40304,LZW6477DWV6Z
32154,LZW6478JMY
32155,LZW6478JMY
30157,LZW6478JMY
37875,LZW6478JMY
38103,LZW6478JMY
38558,LZW7123CAYA
40345,LZW7156CJ6H
40346,LZW7156CJ6H
40347,LZW7156CJ6H
30077,LZW7156CJYF
30784,LZW7156CJYF
30728,LZW7156CJYF
32275,LZW7156CJYF
40348,LZW7156CQ6H
40349,LZW7156CQ6H
34421,LZW7156CQYF
34405,LZW7156CQYF
1008209,SC1021XAS64
1008193,SC1021XAS64
1008177,SC1021XAS64
1008211,SC1021XAS64
1008195,SC1021XAS64
1008179,SC1021XAS64
1008205,SC1021XDD64
1008189,SC1021XDD64
1008173,SC1021XDD64
1008207,SC1021XDS64
1008191,SC1021XDS64
1008175,SC1021XDS64
1008203,SC1021XND64
1008187,SC1021XND64
1008171,SC1021XND64
1008229,SC1021YAS61
1008223,SC1021YAS61
1008217,SC1021YAS61
1008230,SC1021YAS61
1008224,SC1021YAS61
1008218,SC1021YAS61
1008228,SC1021YGD61
1008222,SC1021YGD61
1008216,SC1021YGD61
1008256,SC1031NAS62
1008247,SC1031NAS62
1008238,SC1031NAS62
1008257,SC1031NAS62
1008248,SC1031NAS62
1008239,SC1031NAS62
1008253,SC1031NAS64
1008244,SC1031NAS64
1008235,SC1031NAS64
1008254,SC1031NAS64
1008245,SC1031NAS64
1008236,SC1031NAS64
1008255,SC1031NGD62
1008246,SC1031NGD62
1008237,SC1031NGD62
1008252,SC1031NGD63
1008243,SC1031NGD63
1008234,SC1031NGD63
1008252,SC1031NGD64
1008243,SC1031NGD64
1008234,SC1031NGD64
1008198,SC1031XDD62
1008182,SC1031XDD62
1008166,SC1031XDD62
1008198,SC1031XDD63
1008182,SC1031XDD63
1008166,SC1031XDD63
1007936,SC1035SCBD6
1007930,SC1035SCBJ6
1007873,SC5023XXYAA6
1007872,SC5023XXYAA6
1007871,SC5023XXYAA6
1007870,SC5023XXYAA6
1007869,SC5023XXYAA6
1007868,SC5023XXYAB6
1007867,SC5023XXYAB6
1007937,SC5035CCYSCBD6
1007931,SC5035CCYSCBJ6
1007938,SC5035XXYSCBD6
1007932,SC5035XXYSCBJ6
39702,SC6484AA6
40059,SC6484AA6
39703,SC6484AA6
39704,SC6484AA6
39701,SC6484AA6
39700,SC6484DA6
36995,SC6484DA6
36996,SC6484DA6
36997,SC6484DA6
40717,SC6484DA6
40060,SC6484DA6
38582,SC6491AB6
38583,SC6491AB6
38584,SC6491AB6
38582,SC6491AC6
38583,SC6491AC6
38584,SC6491AC6
38131,SC6491BA6
38581,SC6491BA6
38131,SC6491BB6
38581,SC6491BB6
1005290,SC6492DA6
1005289,SC6492DA6
1005202,SC6492DA6
1005277,SC6492DA6
1005451,SC6492DA6
1005453,SC6492DA6
1005450,SC6492DA6
1005452,SC6492DA6
1006219,SC6492DA6
1006220,SC6492DA6
1006222,SC6492DA6
1006223,SC6492DA6
1006225,SC6492DA6
1006226,SC6492DA6
1007952,SC6492DA6
1007951,SC6492DA6
1007953,SC6492DA6
1005290,SC6492DB6
1005289,SC6492DB6
1005202,SC6492DB6
1005277,SC6492DB6
1005451,SC6492DB6
1005453,SC6492DB6
1005450,SC6492DB6
1005452,SC6492DB6
1006219,SC6492DB6
1006220,SC6492DB6
1006222,SC6492DB6
1006223,SC6492DB6
1006225,SC6492DB6
1006226,SC6492DB6
1007952,SC6492DB6
1007951,SC6492DB6
1007953,SC6492DB6
31090,SC7155AAA6
30898,SC7155AAA6
30887,SC7155AAA6
30900,SC7155AAA6
35823,SC7155AAA6
35824,SC7155AAA6
35825,SC7155AAA6
39605,SC7155AAA6
39603,SC7155AAA6
39604,SC7155AAA6
31090,SC7155AAAH6
30898,SC7155AAAH6
30887,SC7155AAAH6
30900,SC7155AAAH6
35823,SC7155AAAH6
35824,SC7155AAAH6
35825,SC7155AAAH6
39605,SC7155AAAH6
39603,SC7155AAAH6
39604,SC7155AAAH6
31091,SC7155ABAH6
31092,SC7155ABAH6
30899,SC7155ABAH6
31141,SC7155ABAH6
35827,SC7155ABAH6
39194,SC7155ABAH6
35828,SC7155ABAH6
35829,SC7155ABAH6
35469,SC7155ABAH6
35826,SC7155ABAH6
39607,SC7155ABAH6
39608,SC7155ABAH6
39609,SC7155ABAH6
39610,SC7155ABAH6
39606,SC7155ABAH6
40671,SGM6479LNA1
37866,SGM6479LNA1
35637,SGM6479LNA2
40672,SGM6479LNA2
40039,SGM6480NBA1
40038,SGM6480NBA1
40040,SGM6480NBX1
40041,SGM6480NBX1
40042,SGM6480NBX1
40043,SGM6480NBX1
38133,SGM7102LBA1
37612,SGM7102LBA1
38389,SGM7102LNA1
32187,SGM7103LBA1
32090,SGM7103LBA1
38482,SGM7103LBA1
38484,SGM7103LBA1
37078,SGM7103LBA1
36297,SGM7103LBA1
32186,SGM7103LNA1
32188,SGM7103LNA1
38483,SGM7103LNA1
32210,SGM7104LBA1
40019,SGM7104LBA1
37079,SGM7104LBA1
41581,SH6522C1G5-A
41582,SH6522C1G5-A
41583,SH6522C1G5-A
41584,SH6522C1G5-A
41585,SH6522C1G5-A
41586,SH6522C1G5-A
39946,SH6482N1GB
38015,SH6482N1GB
39947,SH6482N1GB
37199,SH6482N1GB
38016,SH6482N1GB
36855,SH6482N1GB
39948,SH6482N1GB
38017,SH6482N1GB
39949,SH6482N1GB
38020,SH6482N1GB
40524,SQR6481F08T9
41308,SQR6481F08T9
40526,SQR6481F08T9
40527,SQR6481F08T9
41309,SQR6481F08T9
40529,SQR6481F08T9
40530,SQR6481F08T9
41310,SQR6481F08T9
40532,SQR6481F08T9
40533,SQR6481F08T9
41311,SQR6481F08T9
40523,SQR6481F08T9
25230,SQR7150J60T9
25699,SQR7150J60T9
25231,SQR7150J60T9
28072,SQR7150J60T9
24552,SQR7150J60T9
25700,SQR7150J60T9
29794,SQR7150J60T9
29796,SQR7150J60T9
29798,SQR7150J60T9
29795,SQR7150J60T9
29797,SQR7150J60T9
33636,SQR7150J60T9
36184,SQR7150J60T9
41949,SQR7150J60T9
36185,SQR7150J60T9
39125,SQR7150J60T9
39063,SQR7150J60T9
40165,SQR7150J60T9
36186,SQR7150J60T9
36169,SQR7150J60T9
39126,SQR7150J60T9
39064,SQR7150J60T9
40166,SQR7150J60T9
40783,SVW71419AT
40784,SVW71419AT
40785,SVW72019BV
39706,SVW72019BV
39537,SVW72019FV
39520,YQZ7147AE6
34499,YQZ7147AE6
41507,YQZ7147AE6
41508,YQZ7147AE6
39519,YQZ7147E6
1006914,ZN1035F5N5
1007920,ZN1035F5N5
1006913,ZN1035F5N5
1007919,ZN1035F5N5
1007370,BJ5038XXY-V3
40392,BW6472B1Y6A
40393,BW6472B1Y6A
31291,BW7140A1X6
31294,BW7140A1X6
31295,BW7140A1X6
31296,BW7140A1X6
40324,BW7140A1X6
40325,BW7140A1X6
40326,BW7140A1X6
40327,BW7140A1X6
27918,BYD7157A6D
27337,BYD7157A6D
27919,BYD7157A6D
33668,BYD7157A6D
27920,BYD7157A6D
27921,BYD7157A6D
33670,BYD7157A6D
16146,CA7208
15919,CA7208
16147,CA7208
20292,CA7208
20293,CA7208
20282,CA7208
31669,CA7208
31857,CA7208
34581,CA7208
34582,CA7208
35591,CA7208
39173,CA7208
39174,CA7208
40258,DC6479KLAB16
39806,DC6479KLAB16
40260,DC6479KLAB16
40259,DC6479KLAB18
40262,DC6479KLAB18
40263,DC6479KLAB18
40264,DC6479KLAB18
40259,DC6479KLBB18
40262,DC6479KLBB18
40263,DC6479KLBB18
40264,DC6479KLBB18
40064,DC7166KSAB
40065,DC7166KSAB
38779,DC7188KYAB
39899,DC7188KYAB
39900,DC7188KYAB
39901,DC7188KYAB
39902,DC7188KYAB
40606,DHW7101FSMSF
36023,DHW7101FSMSF
38382,DHW7101FSMSF
40607,DHW7102FSCSF
36024,DHW7102FSCSF
40608,DHW7102FSCSF
36025,DHW7102FSCSF
40609,DHW7102FSCSF
36026,DHW7102FSCSF
40610,DHW7102FSCSF
35533,DHW7102FSCSF
38383,DHW7102FSCSF
38384,DHW7102FSCSF
38268,DHW7102FSCSF
40607,DHW7103FSCSF
36024,DHW7103FSCSF
40608,DHW7103FSCSF
36025,DHW7103FSCSF
40609,DHW7103FSCSF
36026,DHW7103FSCSF
40610,DHW7103FSCSF
35533,DHW7103FSCSF
38383,DHW7103FSCSF
38384,DHW7103FSCSF
38268,DHW7103FSCSF
40607,DHW7104FSCSF
36024,DHW7104FSCSF
40608,DHW7104FSCSF
36025,DHW7104FSCSF
40609,DHW7104FSCSF
36026,DHW7104FSCSF
40610,DHW7104FSCSF
35533,DHW7104FSCSF
38383,DHW7104FSCSF
38384,DHW7104FSCSF
38268,DHW7104FSCSF
40828,FV7126NADBG
38347,FV7126NADBG
40830,FV7126NADBG
38349,FV7126NADBG
32530,FV7124HBDDG
39402,FV7124HBDDG
36447,FV7124HBDDG
39403,FV7124HBDDG
39372,FV7124ZBDDG
37208,FV7124ZBDDG
39373,FV7124ZBDDG
40827,FV7126NAMBG
38346,FV7126NAMBG
40829,FV7126NAMBG
38348,FV7126NAMBG
39080,GHA6480BAC6BHEV
39081,GHA6480BAC6BHEV
39082,GHA6480BAC6BHEV
38714,GHA6480BAC6BHEV
39083,GHA6480BAC6BHEV
40005,GHA6480BAC6BHEV
40006,GHA6480BAC6BHEV
40022,GHA7150HBC5A
40023,GHA7150HBC5A
40024,GHA7150HBC5A
40025,GHA7150HBC5A
40022,GHA7150HBC6A
40023,GHA7150HBC6A
40024,GHA7150HBC6A
40025,GHA7150HBC6A
40022,GHA7150HBC6B
40023,GHA7150HBC6B
40024,GHA7150HBC6B
40025,GHA7150HBC6B
40645,GHA7150HBC6B
40646,GHA7150HBC6B
40647,GHA7150HBC6B
40648,GHA7150HBC6B
40649,GHA7150HBC6B
40650,GHA7150HBC6B
40026,GHA7150HBC6C
40027,GHA7150HBC6C
40028,GHA7150HBC6C
40029,GHA7150HBC6C
40031,GHA7150HBC6C
39570,GHA7150HBC6C
40651,GHA7150HBC6C
40652,GHA7150HBC6C
40653,GHA7150HBC6C
40654,GHA7150HBC6C
40192,GHA7150HBC6C
40655,GHA7150HBC6C
40020,GHA7150HBM5A
40021,GHA7150HBM5A
40643,GHA7150HBM5A
40644,GHA7150HBM5A
40020,GHA7150HBM6A
40021,GHA7150HBM6A
40643,GHA7150HBM6A
40644,GHA7150HBM6A
40020,GHA7150HBM6B
40021,GHA7150HBM6B
40643,GHA7150HBM6B
40644,GHA7150HBM6B
32800,GXQ6460K2
32801,GXQ6460K2
38547,GXQ6460K2
40398,GXQ6460K2
40396,GXQ6460K2
40397,GXQ6460K2
32796,GXQ6460K2T
32797,GXQ6460K2T
32795,GXQ6460K2T
40400,GXQ6460K2T
40401,GXQ6460K2T
40402,GXQ6460K2T
40399,GXQ6460K2T
1007295,JKC5030CCY-DB5D
1007297,JKC5030CCY-DB5D
1007285,JKC5030CCY-DG5E
1007287,JKC5030CCY-DG5E
1007299,JKC5030CCY-SB5E
1007301,JKC5030CCY-SB5E
1007292,JKC5030CCY-SG5E
1007294,JKC5030CCY-SG5E
29918,LF6470B2
29919,LF6470B2
29920,LF6470H2
29921,LF6470H2
1007961,SC1025DPBC6
1007958,SC1025DPBC6
1007961,SC1025DPBA6
1007958,SC1025DPBA6
1007960,SC1025SPBB6
1007957,SC1025SPBB6
1007955,SC1025SPBB6
1007960,SC1025SPBC6
1007957,SC1025SPBC6
1007955,SC1025SPBC6
1006919,SC1027DDC5
1006918,SC1027DDC5
1007430,SC1027DDC5
1007426,SC1027DDC5
1007436,SC1027DDC5
1007432,SC1027DDC5
40933,SC6473C6
35227,SC7144B5
35233,SC7144B5
35234,SC7144B5
40501,SC7144B5
40502,SC7144B5
40503,SC7144B5
35227,SC7144BA5
35233,SC7144BA5
35234,SC7144BA5
40501,SC7144BA5
40502,SC7144BA5
40503,SC7144BA5
35227,SC7144BAH5
35233,SC7144BAH5
35234,SC7144BAH5
40501,SC7144BAH5
40502,SC7144BAH5
40503,SC7144BAH5
35227,SC7144BH5
35233,SC7144BH5
35234,SC7144BH5
40501,SC7144BH5
40502,SC7144BH5
40503,SC7144BH5
35235,SC7152A5
35236,SC7152A5
34880,SC7152A5
40504,SC7152A5
40505,SC7152A5
40506,SC7152A5
35235,SC7152AA5
35236,SC7152AA5
34880,SC7152AA5
40504,SC7152AA5
40505,SC7152AA5
40506,SC7152AA5
35235,SC7152AAH5
35236,SC7152AAH5
34880,SC7152AAH5
40504,SC7152AAH5
40505,SC7152AAH5
40506,SC7152AAH5
35235,SC7152AH5
35236,SC7152AH5
34880,SC7152AH5
40504,SC7152AH5
40505,SC7152AH5
40506,SC7152AH5
35929,SC7169KCB6
33393,SC7169KCB6
35926,SC7169KCB6
35927,SC7169KCB6
35930,SC7169KCB6
34046,SC7169KCB6
34049,SC7169KCB6
35928,SC7169KCB6
34047,SC7169KCB6
38476,SC7169KCB6
38473,SC7169KCB6
38474,SC7169KCB6
38475,SC7169KCB6
35929,SC7169KCBH6
33393,SC7169KCBH6
35926,SC7169KCBH6
35927,SC7169KCBH6
35930,SC7169KCBH6
34046,SC7169KCBH6
34049,SC7169KCBH6
35928,SC7169KCBH6
34047,SC7169KCBH6
38476,SC7169KCBH6
38473,SC7169KCBH6
38474,SC7169KCBH6
38475,SC7169KCBH6
35921,SC7169KAB6
34043,SC7169KAB6
35922,SC7169KAB6
35925,SC7169KAB6
34044,SC7169KAB6
34048,SC7169KAB6
35923,SC7169KAB6
33735,SC7169KAB6
35924,SC7169KAB6
34045,SC7169KAB6
38468,SC7169KAB6
40507,SC7169KAB6
38470,SC7169KAB6
38471,SC7169KAB6
38472,SC7169KAB6
35921,SC7169KABH6
34043,SC7169KABH6
35922,SC7169KABH6
35925,SC7169KABH6
34044,SC7169KABH6
34048,SC7169KABH6
35923,SC7169KABH6
33735,SC7169KABH6
35924,SC7169KABH6
34045,SC7169KABH6
38468,SC7169KABH6
40507,SC7169KABH6
38470,SC7169KABH6
38471,SC7169KABH6
38472,SC7169KABH6
35308,SC7169MAA6
35309,SC7169MAA6
35310,SC7169MAA6
40508,SC7169MAA6
40509,SC7169MAA6
40510,SC7169MAA6
33316,SC7169MBA6
35311,SC7169MBA6
35312,SC7169MBA6
35313,SC7169MBA6
40513,SC7169MBA6
40514,SC7169MBA6
40511,SC7169MBA6
40512,SC7169MBA6
33316,SC7169MBAH6
35311,SC7169MBAH6
35312,SC7169MBAH6
35313,SC7169MBAH6
40513,SC7169MBAH6
40514,SC7169MBAH6
40511,SC7169MBAH6
40512,SC7169MBAH6
39439,SVW6495AVD
39440,SVW6495AVD
39441,SVW6495CVD
39284,SVW6495CVD
39442,SVW6495DHD
38736,SVW6495DHD
40007,SVW71522AF
40008,SVW71522BF
40009,SVW71522BF
38694,SVW71522BF
37698,TV7256BHEV6
38303,TV7256BHEV6
37697,TV7256BHEV6
38304,TV7256BHEV6
37696,TV7256BHEV6
38305,TV7256BHEV6
38306,TV7256BHEV6
36028,TV7256BHEV6
37698,TV7256EHEV6
38303,TV7256EHEV6
37697,TV7256EHEV6
38304,TV7256EHEV6
37696,TV7256EHEV6
38305,TV7256EHEV6
38306,TV7256EHEV6
36028,TV7256EHEV6
37698,TV7256GHEV6
38303,TV7256GHEV6
37697,TV7256GHEV6
38304,TV7256GHEV6
37696,TV7256GHEV6
38305,TV7256GHEV6
38306,TV7256GHEV6
36028,TV7256GHEV6
37698,TV7256QHEV6
38303,TV7256QHEV6
37697,TV7256QHEV6
38304,TV7256QHEV6
37696,TV7256QHEV6
38305,TV7256QHEV6
38306,TV7256QHEV6
36028,TV7256QHEV6
31948,YQZ7146ADE6
30031,YQZ7146ADE6
31946,YQZ7146DE6
31947,YQZ7146DE6
31949,YQZ7146DE6
1006914,ZN1035U5N5B
1007920,ZN1035U5N5B
1006913,ZN1035U5N5B
1007919,ZN1035U5N5B
1006909,ZN1035U5X5B
1006910,ZN1035U5X5B
37894,GTM7200CEM
37928,GTM7200CEM
37895,GTM7200CEM
37929,GTM7200CEM
37896,GTM7200CEM
37930,GTM7200CEM
37902,GTM7200CSM
37933,GTM7200CSM
37894,GTM7200CGM
37928,GTM7200CGM
37895,GTM7200CGM
37929,GTM7200CGM
37896,GTM7200CGM
37930,GTM7200CGM
37894,GTM7201CEE
37928,GTM7201CEE
37895,GTM7201CEE
37929,GTM7201CEE
37896,GTM7201CEE
37930,GTM7201CEE
37894,GTM7201CGE
37928,GTM7201CGE
37895,GTM7201CGE
37929,GTM7201CGE
37896,GTM7201CGE
37930,GTM7201CGE
37902,GTM7201CSE
37933,GTM7201CSE
1006923,SC1027SJA5
1006922,SC1027SJA5
1006919,SC1027SJA5
1006918,SC1027SJA5
1007430,SC1027SJA5
1007426,SC1027SJA5
1007436,SC1027SJA5
1007432,SC1027SJA5
1007435,SC1027SJA5
1006921,SC1027DAC5
1006920,SC1027DAC5
1007431,SC1027DAC5
1007429,SC1027DAC5
1001783,SC1027DAC5
1008121,SC1027DAC5
1008120,SC1027DAC5
1007431,SC1027DAE5
1007429,SC1027DAE5
1006919,SC1027DDA5
1006918,SC1027DDA5
1007430,SC1027DDA5
1007426,SC1027DDA5
1007436,SC1027DDA5
1007432,SC1027DDA5
1007438,SC1027SAC5
1001733,SC1027SAC5
1001735,SC1027SAC5
1006925,SC1027SCA5
1006924,SC1027SCA5
1007437,SC1027SCA5
1003431,SC1027SCA5
1003432,SC1027SCA5
1003692,SC1027SCA5
1003693,SC1027SCA5
1007427,SC5027XXYSFA5
1007433,SC5027XXYSFA5
38115,SC6476BBH5
38116,SC6476BBH5
37591,SC6476BBH5
38117,SC6476BBH5
37592,SC6476BBH5
38118,SC6476BBH5
35172,SC6476BBH5
38119,SC6476BBH5
38115,SC6476BBH6
38116,SC6476BBH6
37591,SC6476BBH6
38117,SC6476BBH6
37592,SC6476BBH6
38118,SC6476BBH6
35172,SC6476BBH6
38119,SC6476BBH6
38115,SC6476BH5
38116,SC6476BH5
37591,SC6476BH5
38117,SC6476BH5
37592,SC6476BH5
38118,SC6476BH5
35172,SC6476BH5
38119,SC6476BH5
38115,SC6476BH6
38116,SC6476BH6
37591,SC6476BH6
38117,SC6476BH6
37592,SC6476BH6
38118,SC6476BH6
35172,SC6476BH6
38119,SC6476BH6
35227,SC7144B6
35233,SC7144B6
35234,SC7144B6
40501,SC7144B6
40502,SC7144B6
40503,SC7144B6
35227,SC7144BA6
35233,SC7144BA6
35234,SC7144BA6
40501,SC7144BA6
40502,SC7144BA6
40503,SC7144BA6
35235,SC7152A6
35236,SC7152A6
34880,SC7152A6
40504,SC7152A6
40505,SC7152A6
40506,SC7152A6
35235,SC7152AA6
35236,SC7152AA6
34880,SC7152AA6
40504,SC7152AA6
40505,SC7152AA6
40506,SC7152AA6
35235,SC7152AAH6
35236,SC7152AAH6
34880,SC7152AAH6
40504,SC7152AAH6
40505,SC7152AAH6
40506,SC7152AAH6
35235,SC7152AH6
35236,SC7152AH6
34880,SC7152AH6
40504,SC7152AH6
40505,SC7152AH6
40506,SC7152AH6
33098,SC7157AAB6
33097,SC7157AAB6
32966,SC7157AAB6
35483,SC7157AAB6
40495,SC7157AAB6
40493,SC7157AAB6
40494,SC7157AAB6
33098,SC7157AABH6
33097,SC7157AABH6
32966,SC7157AABH6
35483,SC7157AABH6
40495,SC7157AABH6
40493,SC7157AABH6
40494,SC7157AABH6
33099,SC7157ABA6
35485,SC7157ABA6
33100,SC7157ABA6
35486,SC7157ABA6
33022,SC7157ABA6
30781,SC7157ABA6
40496,SC7157ABA6
40497,SC7157ABA6
40498,SC7157ABA6
40499,SC7157ABA6
33099,SC7157ABAH6
35485,SC7157ABAH6
33100,SC7157ABAH6
35486,SC7157ABAH6
33022,SC7157ABAH6
30781,SC7157ABAH6
40496,SC7157ABAH6
40497,SC7157ABAH6
40498,SC7157ABAH6
40499,SC7157ABAH6
37699,TV7256G6
38301,TV7256G6
38302,TV7256G6
37052,TV7256G6
37699,TV7256E6
38301,TV7256E6
38302,TV7256E6
37052,TV7256E6
37698,TV7256BHEV
38303,TV7256BHEV
37697,TV7256BHEV
38304,TV7256BHEV
37696,TV7256BHEV
38305,TV7256BHEV
38306,TV7256BHEV
36028,TV7256BHEV
37699,TV7256E
38301,TV7256E
38302,TV7256E
37052,TV7256E
37698,TV7256EHEV
38303,TV7256EHEV
37697,TV7256EHEV
38304,TV7256EHEV
37696,TV7256EHEV
38305,TV7256EHEV
38306,TV7256EHEV
36028,TV7256EHEV
37699,TV7256G
38301,TV7256G
38302,TV7256G
37052,TV7256G
37698,TV7256GHEV
38303,TV7256GHEV
37697,TV7256GHEV
38304,TV7256GHEV
37696,TV7256GHEV
38305,TV7256GHEV
38306,TV7256GHEV
36028,TV7256GHEV
37698,TV7256QHEV
38303,TV7256QHEV
37697,TV7256QHEV
38304,TV7256QHEV
37696,TV7256QHEV
38305,TV7256QHEV
38306,TV7256QHEV
36028,TV7256QHEV
1006681,WLZ5028XXYDEVY
1006682,WLZ5028XXYDEVY
39042,DN7151Z6T
38834,DN7151Z6T
39043,DN7151Z6T
38835,DN7151Z6T
28268,DN7151Z6T
29966,DN7151Z6T
28266,DN7151Z6T
27809,DN7151Z6T
27810,DN7151Z6T
25973,DN7151Z6T
32083,DN7151Z6T
32077,DN7151Z6T
32075,DN7151Z6T
32078,DN7151Z6T
33691,DN7151Z6T
32079,DN7151Z6T
39045,DN7151Z6T
39044,DN7151Z6T
38615,DN7151Z6T
36342,DN7151Z6T
36206,DN7151Z6T
29448,JX6503PD-L5
29430,JX6503PD-L5
31094,JX6503PD-L5
34451,JX6503PD-L5
38321,JX6503PD-L5
38319,JX6503PD-L5
38320,JX6503PD-L5
38322,JX6503PD-L5
33099,SC7157AB6
35485,SC7157AB6
33100,SC7157AB6
35486,SC7157AB6
33022,SC7157AB6
30781,SC7157AB6
40496,SC7157AB6
40497,SC7157AB6
40498,SC7157AB6
40499,SC7157AB6
34319,GFA7140DKCAD
26534,GFA7140DKCAD
26535,GFA7140DKCAD
26536,GFA7140DKCAD
26537,GFA7140DKCAD
25570,GFA7140DKCAD
29535,GFA7140DKCAD
29536,GFA7140DKCAD
29537,GFA7140DKCAD
29538,GFA7140DKCAD
29539,GFA7140DKCAD
34320,GFA7140DKCAD
34321,GFA7140DKCAD
34322,GFA7140DKCAD
34323,GFA7140DKCAD
40912,GXQ6480
40913,GXQ6480
40914,GXQ6480
40915,GXQ6480
40922,GXQ6480
40923,GXQ6480
38915,GXQ6480
38852,GXQ6480
40912,GXQ6480J
40913,GXQ6480J
40914,GXQ6480J
40915,GXQ6480J
40922,GXQ6480J
40923,GXQ6480J
38915,GXQ6480J
38852,GXQ6480J
40916,GXQ6480T
40917,GXQ6480T
38917,GXQ6480T
38854,GXQ6480T
40918,GXQ6480T
40919,GXQ6480T
38918,GXQ6480T
34500,GXQ6480T
40920,GXQ6480T
40921,GXQ6480T
38916,GXQ6480T
38853,GXQ6480T
40916,GXQ6480TJ
40917,GXQ6480TJ
38917,GXQ6480TJ
38854,GXQ6480TJ
40918,GXQ6480TJ
40919,GXQ6480TJ
38918,GXQ6480TJ
34500,GXQ6480TJ
40920,GXQ6480TJ
40921,GXQ6480TJ
38916,GXQ6480TJ
38853,GXQ6480TJ
1005819,SC6459A5
1005544,SC6459A5
1005543,SC6459A5
1007442,SC6459A5
1008083,SC6459A5
1008082,SC6459A5
1005818,SC6459A5
1005542,SC6459A5
1007441,SC6459A5
1007443,SC6459A5
1008081,SC6459A5
1008080,SC6459A5
1005819,SC6459AA5
1005544,SC6459AA5
1005543,SC6459AA5
1007442,SC6459AA5
1008083,SC6459AA5
1008082,SC6459AA5
1005818,SC6459AA5
1005542,SC6459AA5
1007441,SC6459AA5
1007443,SC6459AA5
1008081,SC6459AA5
1008080,SC6459AA5
1006375,BJ5038XXY-V1
1007375,BJ5038XXY-V1
34986,GTM7200XM
37556,GTM7200XM
35028,GTM7200XM
34987,GTM7200XM
37558,GTM7200XM
37572,GTM7200XM
37623,GTM7200XM
35029,GTM7200XM
34988,GTM7200XM
37562,GTM7200XM
37573,GTM7200XM
37631,GTM7200XM
37574,GTM7200XM
37630,GTM7200XM
37565,GTM7200XM
33015,GTM7200XM
37561,GTM7200XM
35024,GTM7200XM
37626,GTM7200XM
37627,GTM7200XM
37564,GTM7200XM
35027,GTM7200XM
37632,GTM7200XM
37633,GTM7200XM
37560,GTM7200XM
35025,GTM7200XM
37624,GTM7200XM
37625,GTM7200XM
37563,GTM7200XM
35026,GTM7200XM
37628,GTM7200XM
37629,GTM7200XM
36766,GTM7200XM
34992,GTM7200XM
34422,GTM7200XM
36767,GTM7200XM
36692,GTM7200XM
36769,GTM7200XM
33016,GTM7200XM
1005881,HFC1037DKSV
1005879,HFC1037DKSV
1005877,HFC1037DKSV
1005875,HFC1037DKSV
1005882,HFC1037DKSV
1005880,HFC1037DKSV
1005878,HFC1037DKSV
1005876,HFC1037DKSV
1005943,HFC1037DKV
1005873,HFC1037DKV
1005871,HFC1037DKV
1005872,HFC1037DKV
1005944,HFC1037DKV
1005874,HFC1037DKV
1005410,HFC1037DKV
1005408,HFC1037DKV
1005406,HFC1037DKV
1005412,HFC1037DKV
1005413,HFC1037DKV
1005411,HFC1037DKV
1005409,HFC1037DKV
1005407,HFC1037DKV
1002305,BJ5039XXY-V5
1002341,BJ5039XXY-V5
1003392,BJ5039XXY-V5
1003394,BJ5039XXY-V5
1003405,BJ5039XXY-V5
1003407,BJ5039XXY-V5
1003539,BJ5039XXY-V5
1003946,BJ5039XXY-V5
1003947,BJ5039XXY-V5
1005649,BJ5039XXY-V5
1005651,BJ5039XXY-V5
1007532,BJ5039XXY-V5
1002308,BJ5039XXY-V5
1002343,BJ5039XXY-V5
1003395,BJ5039XXY-V5
1003397,BJ5039XXY-V5
1003408,BJ5039XXY-V5
1003410,BJ5039XXY-V5
1003949,BJ5039XXY-V5
1003950,BJ5039XXY-V5
1003940,BJ5039XXY-V5
1003941,BJ5039XXY-V5
1005650,BJ5039XXY-V5
1005652,BJ5039XXY-V5
1007533,BJ5039XXY-V5
1006017,BJ5039XXY-V5
31631,ZQ6480F5W1
31386,ZQ6480F5W1
31630,ZQ6480F5W1
1001704,BJ5039XXY-V1
1001697,BJ5039XXY-V1
1002465,BJ5039XXY-V1
1002467,BJ5039XXY-V1
1003952,BJ5039XXY-V1
1003956,BJ5039XXY-V1
1006024,BJ5039XXY-V1
1006022,BJ5039XXY-V1
1005685,BJ5039XXY-V1
1006025,BJ5039XXY-V1
1005689,BJ5039XXY-V1
1005687,BJ5039XXY-V1
1007382,BJ5039XXY-V1
1007380,BJ5039XXY-V1
1007381,BJ5039XXY-V1
35058,JNJ6480Q1T
35059,JNJ6480Q1T
33518,JNJ6480Q1T
37229,JNJ6480Q1T
35057,JNJ6480Q1T
1003401,HFC5037XXYDEV
1003402,HFC5037XXYDEV
1003403,HFC5037XXYDEV
1003404,HFC5037XXYDEV
1004462,HFC5037XXYDEV
1004461,HFC5037XXYDEV
33099,SC7157AB5
35485,SC7157AB5
33100,SC7157AB5
35486,SC7157AB5
33022,SC7157AB5
30781,SC7157AB5
40496,SC7157AB5
40497,SC7157AB5
40498,SC7157AB5
40499,SC7157AB5
1004223,JX1020PSDB5
1003121,JX1020PSDB5
1004223,JX1020PSDC5
1003121,JX1020PSDC5
1003153,SC6443NA5
1003154,SC6443NA5
1007440,SC6443NA5
1007439,SC6443NA5
27274,BH7140CBAV
25821,BH7140CBAV
24555,BH7140CBAV
35084,BH7140CBAV
35116,BH7140CBAV
40873,BH7140CBAV
40874,BH7140CBAV
27274,BH7141CBAS
25821,BH7141CBAS
24555,BH7141CBAS
35084,BH7141CBAS
35116,BH7141CBAS
40873,BH7141CBAS
40874,BH7141CBAS
40656,BH7150CBAV
40872,BH7150CBAV
40871,BH7150CBMV
26176,BJ2021P4VAB
1007713,BJ2021P4VAB
40544,BJ7138KL4
34428,BJ7138KL4
40545,BJ7138KL4
34253,BJ7138KL4
36382,BJ7152C5FCH
40589,BJ7152C5FCH
36887,BJ7152C5FCH
40590,BJ7152C5FCH
36885,BJ7152C5FCH
40588,BJ7152C5FCH
1007971,BQ1030SE9K1S
1007975,BQ1030SE9K1S
36319,BJ7138KL5
36882,BJ7152C5FMH
40585,BJ7152C5FMH
36883,BJ7152C5FMH
40586,BJ7152C5FMH
36884,BJ7152C5FMH
40587,BJ7152C5FMH
1007970,BQ1023E9K1M
1007974,BQ1023E9K1M
1007969,BQ1023E9K1S
1007973,BQ1023E9K1S
1007972,BQ1030SE9K1M
1007976,BQ1030SE9K1M
41550,BYD7151W6A
41551,BYD7151W6A
38506,BYD7152WT6A
38507,BYD7152WT6A
38508,BYD7152WT6A
38506,BYD7152WT6B
38507,BYD7152WT6B
38508,BYD7152WT6B
40442,CC6473GM01A
40443,CC6473GM01A
40444,CC6473GM01A
40445,CC6473GM01A
40944,DC6432KXBB12
38775,DC6432KXBB12
40945,DC6432KXBB12
40447,DC6456KLAB18
40448,DC6456KLAB18
40449,DC6456KLAB18
36108,DFL7160MAN81
36109,DFL7160MAN81
35775,DFL7160MAN81
36894,DFL7160MAN81
36102,DFL7160MAN81
41384,DFL7160MAN81
41385,DFL7160MAN81
41386,DFL7160MAN81
41387,DFL7160MAN81
36108,DFL7160MAN82
36109,DFL7160MAN82
35775,DFL7160MAN82
36894,DFL7160MAN82
36102,DFL7160MAN82
41384,DFL7160MAN82
41385,DFL7160MAN82
41386,DFL7160MAN82
41387,DFL7160MAN82
35180,DN6461Z6T
34220,DN6461Z6T
34221,DN6461Z6T
31404,DN6461Z6T
40698,DN6461Z6T
40699,DN6461Z6T
40700,DN6461Z6T
36699,DN7157K6
36706,DN7157K6
36700,DN7157K6
36707,DN7157K6
36701,DN7157K6
36708,DN7157K6
1007883,DXK6410PKH
1007882,DXK6410PKH
1006847,DXK6451PCH
1007230,DXK6451PCH
1007879,DXK6451PCH
1007880,DXK6451PCH
1008079,DXK6451PCH
1008078,DXK6451PCH
1006846,DXK6451PCH
1007881,DXK6451PCH
26206,DXK6470AS11H
26207,DXK6470AS11H
31893,DXK6470AS11H
37176,DXK6470AS11H
40419,DXK6470AS11H
41290,DXK6471AS4H
36191,DXK6471AS4H
41291,DXK6471AS4H
36192,DXK6471AS4H
40827,FV7126NAMDG
38346,FV7126NAMDG
40829,FV7126NAMDG
38348,FV7126NAMDG
35196,FV7129LAMDG
39522,FV7129LAMDG
40863,FV7129LAMDG
39429,FV7207BEDBG
36588,FV7207BEDBG
39430,FV7207BEDBG
36589,FV7207BEDBG
39431,FV7207BEDBG
36590,FV7207BEDBG
40802,GAC6470C1P6
40803,GAC6470C1P6
40804,GAC6470C1P6
40805,GAC6470C1P6
40802,GAC6470C2P6
40803,GAC6470C2P6
40804,GAC6470C2P6
40805,GAC6470C2P6
40889,GAC7152B1A6
40890,GAC7152B1A6
41299,GAC7152B1A6
40891,GAC7152B1A6
40808,GAC7152B1A6
38629,GAC7152B1A6
40889,GAC7152B1A6A
40890,GAC7152B1A6A
41299,GAC7152B1A6A
40891,GAC7152B1A6A
40808,GAC7152B1A6A
38629,GAC7152B1A6A
40889,GAC7152B2A6
40890,GAC7152B2A6
41299,GAC7152B2A6
40891,GAC7152B2A6
40808,GAC7152B2A6
38629,GAC7152B2A6
40889,GAC7152B2A6A
40890,GAC7152B2A6A
41299,GAC7152B2A6A
40891,GAC7152B2A6A
40808,GAC7152B2A6A
38629,GAC7152B2A6A
40032,HMA6461A64GV
40033,HMA6461A64GV
40036,HMA6461A64HV
40037,HMA6461A64HV
40034,HMA6461A64HV
40035,HMA6461A64HV
39189,HQ7152PHEV15
33398,HQ7152PHEV15
34304,JNJ6472JH
34310,JNJ6472JH
33042,JNJ6472JH
33073,JNJ6472JH
34305,JNJ6472JH
34311,JNJ6472JH
33043,JNJ6472JH
33074,JNJ6472JH
34306,JNJ6472JH
34312,JNJ6472JH
33044,JNJ6472JH
33075,JNJ6472JH
34309,JNJ6472JTH
34315,JNJ6472JTH
33078,JNJ6472JTH
33081,JNJ6472JTH
34316,JNJ6472JTH
33079,JNJ6472JTH
34307,JNJ6472JTH
34313,JNJ6472JTH
33045,JNJ6472JTH
33076,JNJ6472JTH
34308,JNJ6472JTH
34314,JNJ6472JTH
33046,JNJ6472JTH
33077,JNJ6472JTH
34776,LBA6470CQ2A
34777,LBA6470CQ2A
34778,LBA6470CQGA
34779,LBA6470CQGA
34780,LBA6470CQGA
33408,LBA6470CQGA
34781,LBA6470CQGA
41263,LZ6480XQ15BA
40597,LZ6480XQ15BA
40815,LZ6480XQ15BA
27962,LZ6470MQ16BM
27963,LZ6470MQ16BM
27964,LZ6470MQ16BM
32426,LZ6470MQ16BM
32427,LZ6470MQ16BM
39629,LZ6470MQ16BM
39630,LZ6470MQ16BM
41263,LZ6481XQ15BA
40597,LZ6481XQ15BA
40815,LZ6481XQ15BA
40298,LZW6480DW6
40299,LZW6480DW6
39295,LZ7160SQBM
39296,LZ7160SQBM
1007814,LZW1028ST6
1007813,LZW1028ST6
1007814,LZW1028T6
1007813,LZW1028T6
1007822,LZW6446EA6
1007820,LZW6446EA6
1007821,LZW6446EA6
40287,LZW6471CJ6
40331,LZW6478EA6
40332,LZW6478EA6
40333,LZW6478EA6
40295,LZW6480CJ6
40296,LZW6480CT6
40297,LZW6480CT6
40296,LZW6480CTV6
36798,MR6463PHEV07
39299,MR6463PHEV07
39292,MR6463PHEV07
39300,MR6463PHEV07
38171,MR6471D06
41815,MR6471D06
38172,MR6471D06
37881,MR6471D06
38173,MR6471PHEV06
37220,MR6471PHEV06
38174,MR6471PHEV06
34749,MR7153D16
34750,MR7153D16
34751,MR7153D16
34643,MR7153D16
38342,MR7153D16
38343,MR7153D16
38345,MR7153D16
38344,MR7153D16
34832,MR7153PHEV18
34833,MR7153PHEV18
34095,MR7153PHEV18
41178,MR7153PHEV18
41179,MR7153PHEV18
41180,MR7153PHEV18
34832,MR7153PHEV19
34833,MR7153PHEV19
34095,MR7153PHEV19
41178,MR7153PHEV19
41179,MR7153PHEV19
41180,MR7153PHEV19
39544,MR7202D08
39545,MR7202D08
39546,MR7202D08
1006921,SC1022DAAD5
1006920,SC1022DAAD5
1007431,SC1022DAAD5
1007429,SC1022DAAD5
1008121,SC1022DAAD5
1008120,SC1022DAAD5
1006921,SC1022DAAC5
1006920,SC1022DAAC5
1007431,SC1022DAAC5
1007429,SC1022DAAC5
1008121,SC1022DAAC5
1008120,SC1022DAAC5
1008084,SC1025DNBA6
1008085,SC1025DNBA6
1008086,SC1025DNBA6
1008203,SC1021XND65
1008187,SC1021XND65
1008171,SC1021XND65
1006921,SC1022DAAE5
1006920,SC1022DAAE5
1007431,SC1022DAAE5
1007429,SC1022DAAE5
1008121,SC1022DAAE5
1008120,SC1022DAAE5
1008084,SC1025DNB6
1008085,SC1025DNB6
1008086,SC1025DNB6
1008058,SC1027DDA6
1008054,SC1027DDA6
1008057,SC1027DDA6
1008051,SC1027DDA6
1008055,SC1027DDA6
1008058,SC1027SJA6
1008054,SC1027SJA6
1008057,SC1027SJA6
1008051,SC1027SJA6
1008055,SC1027SJA6
1008050,SC1027SJA6
1008282,SC1031FAD63
1008262,SC1031FAD63
1008266,SC1031FAD63
1008281,SC1031FAS63
1008261,SC1031FAS63
1008265,SC1031FAS63
1008084,SC1035DNAB6
1008085,SC1035DNAB6
1008086,SC1035DNAB6
1008087,SC5021CCYDAAA6
1008088,SC5021CCYDAAA6
1008052,SC5022CCYDDAA6
1008087,SC5025CCYDNB6
1008088,SC5025CCYDNB6
1008089,SC5025XXYDNB6
1008090,SC5025XXYDNB6
1008089,SC5025XXYDNBA6
1008090,SC5025XXYDNBA6
1008052,SC5027CCYSFA6
1005819,SC5028XXYA6
1005544,SC5028XXYA6
1005543,SC5028XXYA6
1007442,SC5028XXYA6
1008083,SC5028XXYA6
1008082,SC5028XXYA6
1005818,SC5028XXYA6
1005542,SC5028XXYA6
1007441,SC5028XXYA6
1007443,SC5028XXYA6
1008081,SC5028XXYA6
1008080,SC5028XXYA6
1005819,SC6459AAA6
1005544,SC6459AAA6
1005543,SC6459AAA6
1007442,SC6459AAA6
1008083,SC6459AAA6
1008082,SC6459AAA6
1005818,SC6459AAA6
1005542,SC6459AAA6
1007441,SC6459AAA6
1007443,SC6459AAA6
1008081,SC6459AAA6
1008080,SC6459AAA6
41553,SC6479ABH6
41803,SC6482FDH6
41804,SC6482FDH6
41805,SC6482FDH6
41806,SC6482FDH6
41807,SC6482FDH6
41808,SC6482FDH6
41809,SC6482FDH6
41810,SC6482FDH6
38798,SC6482FDH6
41803,SC6482FH6
41804,SC6482FH6
41805,SC6482FH6
41806,SC6482FH6
41807,SC6482FH6
41808,SC6482FH6
41809,SC6482FH6
41810,SC6482FH6
38798,SC6482FH6
41254,SC6479CAH6
38163,SC6479CAH6
40716,SC6484CA5
40714,SC6484CA5
40715,SC6484CA5
38153,SC7159CAA5
38375,SC7159CAA5
38154,SC7159CAA5
38376,SC7159CAA5
38155,SC7159CAA5
38377,SC7159CAA5
41069,SC7159CAA5
41070,SC7159CAA5
41071,SC7159CAA5
38153,SC7159CAA6
38375,SC7159CAA6
38154,SC7159CAA6
38376,SC7159CAA6
38155,SC7159CAA6
38377,SC7159CAA6
41069,SC7159CAA6
41070,SC7159CAA6
41071,SC7159CAA6
38156,SC7159CBA5
38378,SC7159CBA5
38157,SC7159CBA5
38379,SC7159CBA5
38158,SC7159CBA5
38380,SC7159CBA5
37219,SC7159CBA5
38381,SC7159CBA5
41072,SC7159CBA5
38952,SC7159CBA5
38156,SC7159CBA6
38378,SC7159CBA6
38157,SC7159CBA6
38379,SC7159CBA6
38158,SC7159CBA6
38380,SC7159CBA6
37219,SC7159CBA6
38381,SC7159CBA6
41072,SC7159CBA6
38952,SC7159CBA6
29801,SC7164DAB6
29653,SC7164DAB6
29802,SC7164DAB6
40730,SC7164DAB6
41081,SC7164DAB6
29803,SC7164DBB6
29804,SC7164DBB6
29805,SC7164DBB6
40731,SC7164DBB6
41082,SC7164DBB6
29801,SC7164HAA6
29653,SC7164HAA6
29802,SC7164HAA6
40730,SC7164HAA6
41081,SC7164HAA6
29803,SC7164HBA6
29804,SC7164HBA6
29805,SC7164HBA6
40731,SC7164HBA6
41082,SC7164HBA6
41375,SGM7137GBA1
41376,SGM7137GBA1
38543,SGM7137GBA1
41377,SGM7137GBA2
40940,SGM7137GBX1
41018,SQR6450T219
41019,SQR6450T219
41020,SQR6450T219
1005811,SQR1024H10
1005810,SQR1024H10
1005809,SQR1024H10
1007963,SQR1024H10
1007962,SQR1024H10
41108,SQR7150F029
41109,SQR7150F029
41196,SQR7150T159
41197,SQR7150T159
41198,SQR7150T159
40188,SVW6447DLD
40190,SVW6447DLD
40639,SVW71517AF
40641,SVW71517AF
40189,SVW6447ELD
40191,SVW6447ELD
40640,SVW71517BF
40642,SVW71517BF
40639,SVW7157AFD
40641,SVW7157AFD
40245,SY7160B7SBAG
41623,SY7160B7SBAG
41624,SY7160B7SBAG
41298,SY6470S9ZQ1BD
40131,SY6470S9ZQ1BD
40134,SY6470S9ZQ1BD
40198,SY6470S9ZQ1BD
40132,SY6470S9ZQ1BD
40135,SY6470S9ZQ1BD
40199,SY6470S9ZQ1BD
40133,SY6470S9ZQ1BD
40136,SY6470S9ZQ1BD
40200,SY6470S9ZQ1BD
40850,TV7121G
40849,TV7121G
40848,TV7121G
40395,TV7121G
40535,TV7121E
40850,TV7121E
40849,TV7121E
40848,TV7121E
40395,TV7121E
40535,TV7121E6
40850,TV7121E6
40849,TV7121E6
40848,TV7121E6
40395,TV7121E6
40850,TV7121G6
40849,TV7121G6
40848,TV7121G6
40395,TV7121G6
40850,TV7121N
40849,TV7121N
40848,TV7121N
40395,TV7121N
40850,TV7121N6
40849,TV7121N6
40848,TV7121N6
40395,TV7121N6
40851,TV7187EHEV
40852,TV7187EHEV
37034,TV7187EHEV
40851,TV7187EHEV6
40852,TV7187EHEV6
37034,TV7187EHEV6
40851,TV7187GHEV
40852,TV7187GHEV
37034,TV7187GHEV
40851,TV7187GHEV6
40852,TV7187GHEV6
37034,TV7187GHEV6
40851,TV7187NHEV
40852,TV7187NHEV
37034,TV7187NHEV
40851,TV7187NHEV6
40852,TV7187NHEV6
37034,TV7187NHEV6
33900,YQZ6450AJE6
41085,YQZ6450AJE6
41505,YQZ6450AJE6
1006906,ZN1035FCX5A
1006914,ZN5035XXYU5N6
1007920,ZN5035XXYU5N6
1006913,ZN5035XXYU5N6
1007919,ZN5035XXYU5N6
1006908,ZN5035XXYU5X5A
1006906,ZN5035XXYUCX5A
27274,BH7142CBAS
25821,BH7142CBAS
24555,BH7142CBAS
35084,BH7142CBAS
35116,BH7142CBAS
40873,BH7142CBAS
40874,BH7142CBAS
41074,CA7166MTE5A
41075,CA7166MTE5A
40972,CA7166MTE5A
39518,CA7166MTE5A
40974,CA7166MTE5A
40975,CA7166MTE5A
40976,CA7166ATE5A
40973,CA7166ATE5A
40978,CA7166ATE5A
40980,CA7166ATE5A
40981,CA7166ATE5A
40983,CA7166ATE5A
40976,CA7166ATE6A
40973,CA7166ATE6A
40978,CA7166ATE6A
40980,CA7166ATE6A
40981,CA7166ATE6A
40983,CA7166ATE6A
41074,CA7166MTE6A
41075,CA7166MTE6A
40972,CA7166MTE6A
39518,CA7166MTE6A
40974,CA7166MTE6A
40975,CA7166MTE6A
41036,CA7200ATE6A
41037,CA7200ATE6A
41038,CA7200ATE6A
41036,CA7200ATE6B
41037,CA7200ATE6B
41038,CA7200ATE6B
41039,CA7250ATE6B
41040,CA7250ATE6B
40685,CA7250ATE6B
41039,CA7250ATE6A
41040,CA7250ATE6A
40685,CA7250ATE6A
1007852,CC1032PA41A
1007861,CC1032PA41A
1007858,CC1032PA41A
1007855,CC1032PA41A
41401,CAM7153A
41402,CAM7153A
41400,CAM7153M
41587,CAM7201A
41403,CAM7201A
41404,CAM7201A
41405,CAM7201A
1007857,CC1032PA61A
1007854,CC1032PA61A
1007851,CC1032PA61A
1007860,CC1032PA61A
1007853,CC1032PS41A
1007862,CC1032PS41A
1007859,CC1032PS41A
1007856,CC1032PS41A
40969,CC6460AE04A
40970,CC6460AE04A
40971,CC6460AE04A
40669,CC6460AE04A
40668,CC6460AE24A
41571,CC6481AD03A
41564,CC6481AD03A
41567,CC6483AD03A
41568,CC6483AD03A
41275,CC6483AD03A
41163,CC6490WM20B
40267,CC6490WM20B
41164,CC6490WM20B
40268,CC6490WM20B
40269,CC6490WM20B
40771,CC6490WM20B
41354,CSA6468NEAP
41355,CSA6468NEAP
41210,CSA6468NEAP
41208,CSA6468NEAQ
40079,CSA6468NEAQ
41209,CSA6468NEAQ
41045,CSA6493WEAP
41046,CSA6493WEAP
41047,CSA6493WEAP
35497,CSA6463NEAP
35893,CSA6463NEAP
35468,CSA6463NEAP
40228,CSA6463NEAP
40229,CSA6463NEAP
35626,CSA6463NEAR
34965,CSA6463NEAR
40230,CSA6463NEAR
41211,CSA6468NEAR
41352,CSA6468NEMQ
41353,CSA6468NEMQ
41045,CSA6493WEAR
41046,CSA6493WEAR
41047,CSA6493WEAR
41048,CSA6493WEAT
41049,CSA6493WEAT
41044,CSA6493WEAT
41696,DFM7150N1D1
41156,DFM7150N1D1
41157,DFM7150N1D1
41795,DHW6499R9HEV
41796,DHW6499R9HEV
41410,DHW6499R9HEV
34217,DN6460U6T
34219,DN6460U6T
35179,DN6460U6T
34218,DN6460U6T
40710,DN6460U6T
30012,DN7150U6T
30011,DN7150U6T
32081,DN7150U6T
32082,DN7150U6T
36341,DN7150U6T
39046,DN7150U6T
41423,DN7152K6
41424,DN7152K6
41425,DN7152U6T
36695,DN7156K6P
36702,DN7156K6P
36696,DN7156K6P
36703,DN7156K6P
36697,DN7156K6P
36704,DN7156K6P
36698,DN7156K6P
36705,DN7156K6P
41423,DN7152Z6
41424,DN7152Z6
41426,DN7153Z6T
41427,DN7153Z6T
39381,DN7153Z6T
1007883,DXK5023XXYKH7
1007882,DXK5023XXYKH7
1006847,DXK5024XXYKH9
1007230,DXK5024XXYKH9
1007879,DXK5024XXYKH9
1007880,DXK5024XXYKH9
1008079,DXK5024XXYKH9
1008078,DXK5024XXYKH9
1006846,DXK5024XXYKH9
1007881,DXK5024XXYKH9
41035,DXK6470AS13H
41034,DXK6470AS13H
41064,DXK6470AS13H
40421,DXK6470AS8H
41219,FV7140LAADG
37953,FV7140LAADG
41218,FV7140LAADG
41224,FV7150BAMCG
41225,FV7150BAMCG
40821,FV7140LAMDG
41217,FV7140LAMDG
41822,FV7150BABCG
37952,FV7150BABCG
41132,GFA6491FGDBB
35249,GFA6491FGDBB
41643,GFA7130DKDD
41644,GFA7130DKDD
41645,GFA7130DKDD
41472,GFA7130DKDD
41471,GFA7130DTDD
40912,GXQ6480K1
40913,GXQ6480K1
40914,GXQ6480K1
40915,GXQ6480K1
40922,GXQ6480K1
40923,GXQ6480K1
38915,GXQ6480K1
38852,GXQ6480K1
40912,GXQ6480K1J
40913,GXQ6480K1J
40914,GXQ6480K1J
40915,GXQ6480K1J
40922,GXQ6480K1J
40923,GXQ6480K1J
38915,GXQ6480K1J
38852,GXQ6480K1J
40916,GXQ6480K1T
40917,GXQ6480K1T
38917,GXQ6480K1T
38854,GXQ6480K1T
40918,GXQ6480K1T
40919,GXQ6480K1T
38918,GXQ6480K1T
34500,GXQ6480K1T
40920,GXQ6480K1T
40921,GXQ6480K1T
38916,GXQ6480K1T
38853,GXQ6480K1T
40916,GXQ6480K1TJ
40917,GXQ6480K1TJ
38917,GXQ6480K1TJ
38854,GXQ6480K1TJ
40918,GXQ6480K1TJ
40919,GXQ6480K1TJ
38918,GXQ6480K1TJ
34500,GXQ6480K1TJ
40920,GXQ6480K1TJ
40921,GXQ6480K1TJ
38916,GXQ6480K1TJ
38853,GXQ6480K1TJ
40719,HFC6470RA4C7S
40720,HFC6470RA4C7S
40721,HFC6470RA4C7S
40722,HFC6470RA4C7S
40723,HFC6470RA4C7S
40724,HFC6470RA4C7S
36916,HFC7152MTS
36917,HFC7152MTS
36918,HFC7152MTS
36919,HFC7152MTS
40880,HFC7152MTS
40881,HFC7152MTS
40882,HFC7152MTS
40883,HFC7152MTS
40746,HFC7152MTS
41555,JL6453PHEV04
41556,JL6453PHEV04
41557,JL6453PHEV04
38883,JML6452AA1
39147,JML6452AA1
39150,JML6452AA2
35910,JML6452AA2
39151,JML6452AA2
38887,JML6452AA2
39152,JML6452AA2
38884,JML6452AA2
39148,JML6452AA2
38885,JML6452AA2
39149,JML6452AA2
38886,JML6452AA2
1007822,LZW5021XXYEA6
1007820,LZW5021XXYEA6
1007821,LZW5021XXYEA6
40341,LZW6463CJ6B
40342,LZW6463CJ6B
40294,LZW6477DW6C
40292,LZW6477DW6C
40303,LZW6477DW6C
40293,LZW6477DW6C
40304,LZW6477DW6C
1007811,LZW6449EA6A
1007812,LZW6449EA6A
1007810,LZW6449EA6A
1007809,LZW6449EA6A
40305,LZW6461CT6
40306,LZW6461DW6A
40307,LZW6461DW6A
40308,LZW6461DW6A
40309,LZW6461DW6A
40291,LZW6477CT6C
40288,LZW6477CT6C
40300,LZW6477CT6C
40301,LZW6477CT6C
40289,LZW6477CT6C
40302,LZW6477CT6C
40290,LZW6477CT6C
40291,LZW6477CTV6C
40288,LZW6477CTV6C
40300,LZW6477CTV6C
40301,LZW6477CTV6C
40289,LZW6477CTV6C
40302,LZW6477CTV6C
40290,LZW6477CTV6C
40294,LZW6477DWV6C
40292,LZW6477DWV6C
40303,LZW6477DWV6C
40293,LZW6477DWV6C
40304,LZW6477DWV6C
40345,LZW7156CJ6J
40346,LZW7156CJ6J
40347,LZW7156CJ6J
40360,LZW7156CJ6K
40361,LZW7156CJ6K
40362,LZW7156CJ6K
40363,LZW7156CJ6K
36798,MR6463PHEV08
39299,MR6463PHEV08
39292,MR6463PHEV08
39300,MR6463PHEV08
36798,MR6463PHEV09
39299,MR6463PHEV09
39292,MR6463PHEV09
39300,MR6463PHEV09
41560,MR7153PHEV21
41561,MR7153PHEV21
37778,MR7153PHEV21
41558,MR7153PHEV22
41559,MR7153PHEV22
36807,MR7153PHEV22
1008058,SC1022DAAB6
1008054,SC1022DAAB6
1008057,SC1022DAAB6
1008051,SC1022DAAB6
1008055,SC1022DAAB6
1008058,SC1022DAAC6
1008054,SC1022DAAC6
1008057,SC1022DAAC6
1008051,SC1022DAAC6
1008055,SC1022DAAC6
1008128,SC1022SBAA5
1008160,SC1022SBAA5
1008161,SC1022SBAA5
1008152,SC1022SBAA5
1008153,SC1022SBAA5
1008124,SC1022SBAA5
1008129,SC1022SBAA5
1008162,SC1022SBAA5
1008163,SC1022SBAA5
1008154,SC1022SBAA5
1008155,SC1022SBAA5
1008125,SC1022SBAA5
1008128,SC1022SBAB5
1008160,SC1022SBAB5
1008161,SC1022SBAB5
1008152,SC1022SBAB5
1008153,SC1022SBAB5
1008124,SC1022SBAB5
1008129,SC1022SBAB5
1008162,SC1022SBAB5
1008163,SC1022SBAB5
1008154,SC1022SBAB5
1008155,SC1022SBAB5
1008125,SC1022SBAB5
1008280,SC1031FAD64
1008260,SC1031FAD64
1008264,SC1031FAD64
1008280,SC1031FAD65
1008260,SC1031FAD65
1008264,SC1031FAD65
1008279,SC1031FAS65
1008263,SC1031FAS65
1008277,SC1031FRD63
1008269,SC1031FRD63
1008278,SC1031FRD65
1008274,SC1031FRD65
1008270,SC1031FRD65
1008275,SC1031FRS63
1008271,SC1031FRS63
1008267,SC1031FRS63
1008276,SC1031FRS63
1008272,SC1031FRS63
1008268,SC1031FRS63
1008311,SC1031UDD63
1008309,SC1031UDD63
1008307,SC1031UDD63
1008287,SC1031UFS63
1008285,SC1031UFS63
1008283,SC1031UFS63
1008288,SC1031UFS63
1008286,SC1031UFS63
1008284,SC1031UFS63
1008301,SC1031UFD63
1008295,SC1031UFD63
1008289,SC1031UFD63
1008302,SC1031UFD63
1008296,SC1031UFD63
1008290,SC1031UFD63
1008053,SC5022XXYDDAA6
1008158,SC1032DAAA5
1008159,SC1032DAAA5
1008127,SC1032DAAA5
1008150,SC1032DAAA5
1008151,SC1032DAAA5
1008123,SC1032DAAA5
1008156,SC1032DAAA5
1008157,SC1032DAAA5
1008126,SC1032DAAA5
1008148,SC1032DAAA5
1008149,SC1032DAAA5
1008122,SC1032DAAA5
1008128,SC1032SAAA5
1008160,SC1032SAAA5
1008161,SC1032SAAA5
1008152,SC1032SAAA5
1008153,SC1032SAAA5
1008124,SC1032SAAA5
1008129,SC1032SAAA5
1008162,SC1032SAAA5
1008163,SC1032SAAA5
1008154,SC1032SAAA5
1008155,SC1032SAAA5
1008125,SC1032SAAA5
41554,SC6479BBH6
41253,SC6479BBH6
40932,SC6479BBH6
41554,SC6479BEH6
41253,SC6479BEH6
40932,SC6479BEH6
41442,SGM7102DBA1
41443,SGM7132DBA1
41444,SGM7132DBA1
41443,SGM7132DBA2
41444,SGM7132DBA2
41212,SGM7132DBA2
35017,SGM7135GBAA
34665,SGM7135GBAA
41906,SGM7135GBAA
41907,SGM7135GBAA
35018,SGM7135GNAA
41905,SGM7135GNAA
1007711,SH1032E8DC
1007707,SH1032E8DC
1007703,SH1032E8DC
1007709,SH1032E8DC
1007705,SH1032E8DC
1007701,SH1032E8DC
1007393,SH1032E8DC
1007699,SH1030D8DC
1007695,SH1030D8DC
1007691,SH1030D8DC
1007700,SH1030D8DC
1007696,SH1030D8DC
1007692,SH1030D8DC
1007697,SH1030D8DC
1007693,SH1030D8DC
1007689,SH1030D8DC
1007698,SH1030D8DC
1007694,SH1030D8DC
1007690,SH1030D8DC
1007711,SH1030E8DC
1007707,SH1030E8DC
1007703,SH1030E8DC
1007712,SH1030E8DC
1007708,SH1030E8DC
1007704,SH1030E8DC
1007709,SH1030E8DC
1007705,SH1030E8DC
1007701,SH1030E8DC
1007393,SH1030E8DC
1007710,SH1030E8DC
1007706,SH1030E8DC
1007702,SH1030E8DC
1007688,SH1030E8DC
1007699,SH1032D8DC
1007695,SH1032D8DC
1007691,SH1032D8DC
1007697,SH1032D8DC
1007693,SH1032D8DC
1007689,SH1032D8DC
1007700,SH1032D8DC-1
1007696,SH1032D8DC-1
1007692,SH1032D8DC-1
1007698,SH1032D8DC-1
1007694,SH1032D8DC-1
1007690,SH1032D8DC-1
1007710,SH1032E8DC-1
1007706,SH1032E8DC-1
1007702,SH1032E8DC-1
1007688,SH1032E8DC-1
1007712,SH1032E8DC-1
1007708,SH1032E8DC-1
1007704,SH1032E8DC-1
39851,SH6502FAGB-A
39852,SH6502FAGB-A
1005808,SQR1024H08
1005807,SQR1024H08
1007719,SQR1024H08
1007967,SQR1024H08
1007717,SQR1024H08
1007966,SQR1024H08
1005813,SQR1024H09
1007965,SQR1024H09
1007964,SQR1024H09
40559,SQR6471F01T9
40561,SQR6471F01T9
40562,SQR6471F01T9
40563,SQR6471F01T9
40560,SQR6471F01T9
41337,SQR6471F01T9
41338,SQR6471F01T9
41339,SQR6471F01T9
41336,SQR6471F01T9
40559,SQR6472F01T9
40561,SQR6472F01T9
40562,SQR6472F01T9
40563,SQR6472F01T9
40560,SQR6472F01T9
41337,SQR6472F01T9
41338,SQR6472F01T9
41339,SQR6472F01T9
41336,SQR6472F01T9
40559,SQR6473F01T9
40561,SQR6473F01T9
40562,SQR6473F01T9
40563,SQR6473F01T9
40560,SQR6473F01T9
41337,SQR6473F01T9
41338,SQR6473F01T9
41339,SQR6473F01T9
41336,SQR6473F01T9
41271,SQR6485F08T9
41972,SQR6485F08T9
41973,SQR6485F08T9
41974,SQR6485F08T9
41975,SQR6485F08T9
41976,SQR6485F08T9
41977,SQR6485F08T9
41978,SQR6485F08T9
41979,SQR6485F08T9
41980,SQR6485F08T9
41981,SQR6485F08T9
41982,SQR6485F08T9
37498,SQR6485F08T9
37529,SQR6485F08T9
37530,SQR6485F08T9
34425,SQR6485F08T9
37531,SQR6485F08T9
37532,SQR6485F08T9
40547,SQR6483F01T9
40548,SQR6483F01T9
40549,SQR6483F01T9
40546,SQR6483F01T9
41271,SQR6484F08T9
41972,SQR6484F08T9
41973,SQR6484F08T9
41974,SQR6484F08T9
41975,SQR6484F08T9
41976,SQR6484F08T9
41977,SQR6484F08T9
41978,SQR6484F08T9
41979,SQR6484F08T9
41980,SQR6484F08T9
41981,SQR6484F08T9
41982,SQR6484F08T9
37498,SQR6484F08T9
37529,SQR6484F08T9
37530,SQR6484F08T9
34425,SQR6484F08T9
37531,SQR6484F08T9
37532,SQR6484F08T9
41329,SQR7150T119
41330,SQR7150T119
40547,SQR6481F01T9
40548,SQR6481F01T9
40549,SQR6481F01T9
40546,SQR6481F01T9
40547,SQR6482F01T9
40548,SQR6482F01T9
40549,SQR6482F01T9
40546,SQR6482F01T9
41271,SQR6486F08T9
41972,SQR6486F08T9
41973,SQR6486F08T9
41974,SQR6486F08T9
41975,SQR6486F08T9
41976,SQR6486F08T9
41977,SQR6486F08T9
41978,SQR6486F08T9
41979,SQR6486F08T9
41980,SQR6486F08T9
41981,SQR6486F08T9
41982,SQR6486F08T9
37498,SQR6486F08T9
37529,SQR6486F08T9
37530,SQR6486F08T9
34425,SQR6486F08T9
37531,SQR6486F08T9
37532,SQR6486F08T9
28742,SVW6474FVD
28743,SVW6474FVD
28744,SVW6474FVD
33339,SVW6474FVD
35449,SVW6474FVD
33340,SVW6474FVD
35450,SVW6474FVD
33341,SVW6474FVD
35451,SVW6474FVD
37015,SVW6474FVD
40907,SVW6474FVD
41461,SVW6474FVD
41535,SVW6474GVD
37016,SVW6474GVD
40908,SVW6474GVD
36808,SVW6474GVD
40909,SVW6474GVD
39439,SVW6495BVD
39440,SVW6495BVD
29825,SVW6505AVD
29726,SVW6505AVD
29826,SVW6505AVD
37992,SVW6505AVD
36999,SVW6505AVD
37993,SVW6505AVD
37001,SVW6505AVD
37994,SVW6505AVD
37003,SVW6505AVD
41588,SVW6505AVD
41589,SVW6505AVD
41592,SVW6505AVD
41593,SVW6505AVD
29825,SVW6505DVD
29726,SVW6505DVD
29826,SVW6505DVD
37992,SVW6505DVD
36999,SVW6505DVD
37993,SVW6505DVD
37001,SVW6505DVD
37994,SVW6505DVD
37003,SVW6505DVD
41588,SVW6505DVD
41589,SVW6505DVD
41592,SVW6505DVD
41593,SVW6505DVD
1006914,ZN1035F5N6
1007920,ZN1035F5N6
1006913,ZN1035F5N6
1007919,ZN1035F5N6
1006912,ZN5035XXYUCN6
1007918,ZN5035XXYUCN6
1006911,ZN5035XXYUCN6
1007917,ZN5035XXYUCN6
37742,CAF7158A6PS
35722,CAF7158A6PS
37710,CAF7158A6PS
40702,CAF7158A6PS
40703,CAF7158A6S4
40704,CAF7158A6S4
40703,CAF7158A6S5
40704,CAF7158A6S5
40705,CAF7158A6S6
37744,CAF7158B6PS
35718,CAF7158B6PS
37711,CAF7158B6PS
40707,CAF7158B6PS
40537,CAF7158B6S4
40708,CAF7158B6S4
41063,CAF7158B6S7
41062,CAF7158B6S7
40537,CAF7158B6S5
40708,CAF7158B6S5
40709,CAF7158B6S6
37741,CAF7158M6PS
35721,CAF7158M6PS
40701,CAF7158M6PS
37743,CAF7158N6PS
35716,CAF7158N6PS
40706,CAF7158N6PS
19734,CC6461RM09A
24689,CC6461RM09A
23966,CC6461RM09A
24691,CC6461RM09A
23967,CC6461RM09A
27707,CC6461RM09A
27709,CC6461RM09A
32063,CC6461RM09A
38323,CC6461RM09A
41296,CC6461RM09A
32064,CC6461RM0AA
38324,CC6461RM0AA
32065,CC6461RM0AA
38325,CC6461RM0AA
41297,CC6461RM0AA
33919,CC6462RM0AA
35713,CC6462RM0AA
33920,CC6462RM0AA
35714,CC6462RM0AA
33921,CC6462RM0AA
35715,CC6462RM0AA
40665,CC6462RM0AA
40666,CC6462RM0AA
39118,CC6462RM0AA
40667,CC6462RM0AA
30982,CC6462RM09A
30984,CC6462RM09A
33917,CC6462RM09A
33918,CC6462RM09A
40661,CC6462RM09A
40662,CC6462RM09A
40663,CC6462RM09A
40664,CC6462RM09A
27991,CC6472RM09A
27993,CC6472RM09A
32066,CC6472RM09A
32067,CC6472RM0AA
32068,CC6472RM0AA
40258,DC6479KLCB16
39806,DC6479KLCB16
40260,DC6479KLCB16
40258,DC6479KLDB16
39806,DC6479KLDB16
40260,DC6479KLDB16
41921,DFL7200VBN82
41922,DFL7200VBN82
41923,DFL7200VBN83
41924,DFL7200VBN84
41921,DFL7200VBN81
41922,DFL7200VBN81
41826,GHA6480MAA6A
36073,GHA6480MAA6A
41827,GHA6480MAA6A
36072,GHA6480MAA6A
41828,GHA6480MAA6A
36071,GHA6480MAA6A
41829,GHA6480MAA6B
36324,GHA6480MAA6B
41830,GHA6480MAA6B
34493,GHA6480MAA6B
36681,GHA6480MAA6B
41831,GHA6480MAA6B
36912,HFC7152MS
36913,HFC7152MS
36914,HFC7152MS
36915,HFC7152MS
40875,HFC7152MS
40876,HFC7152MS
40877,HFC7152MS
40878,HFC7152MS
40879,HFC7152MS
39641,HQ7142D09
41429,HQ7142D09
39642,HQ7142D09
35041,JKC6460Q6ZA
35043,JKC6460Q6ZA
33421,JKC6460Q6ZA
35042,JKC6460Q6ZA
39558,JKC6460Q6ZA
41664,JKC6460Q6ZA
39559,JKC6460Q6ZA
41665,JKC6460Q6ZA
39557,JKC6460Q6ZA
41663,JKC6460Q6ZA
41284,JKC6470P6CY
41406,JKC6470P6CY
37026,JKC6470Q6ZA
37027,JKC6470Q6ZA
35282,JKC6470Q6ZA
37028,JKC6470Q6ZA
39562,JKC6470Q6ZA
41668,JKC6470Q6ZA
39563,JKC6470Q6ZA
41669,JKC6470Q6ZA
39564,JKC6470Q6ZA
41670,JKC6470Q6ZA
37712,JKC6470Q6ZY
41407,JKC6470Q6ZY
41408,JKC6470Q6ZY
36616,JL6432D16
36732,JL6432D16
39360,JL6432D16
39361,JL6432D16
35456,JL6432D16
39362,JL6432D16
36638,JL6432D16
39358,JL6432D16
33556,JL6432D16
39359,JL6432D16
36616,JL6432D17
36732,JL6432D17
39360,JL6432D17
39361,JL6432D17
35456,JL6432D17
39362,JL6432D17
36638,JL6432D17
39358,JL6432D17
33556,JL6432D17
39359,JL6432D17
39572,JL6432PHEV06
39573,JL6432PHEV06
37850,JL6432PHEV06
38162,JML6450AE1
41112,JML6450AE1
27138,LZ6470XQ16BM
26822,LZ6470XQ16BM
26823,LZ6470XQ16BM
26824,LZ6470XQ16BM
31670,LZ6470XQ16BM
31671,LZ6470XQ16BM
41227,LZ6470XQ16BM
40441,LZ6470XQ16BM
38989,LZ6470XQ16BM
37647,LZ6470XQ16BM
37648,LZ6470XQ16BM
40287,LZW6471CJ6A
40287,LZW6471CJV6A
41510,LZW6472CT6A
41520,LZW6472CT6A
41523,LZW6472CT6A
41524,LZW6472DW6A
41515,LZW6472DW6A
41521,LZW6472DW6A
41518,LZW6472DW6A
41522,LZW6472DW6A
41526,LZW6472DW6A
41519,LZW6472DW6A
39894,LZW6472DW6A
41529,LZW6472DW6A
41493,LZW7155CT6
41494,LZW7155CT6
41496,LZW7155DW6
41347,LZW7155DW6
39826,LZW7155DW6
41495,LZW7155DW6
1008275,SC1031FRS64
1008271,SC1031FRS64
1008267,SC1031FRS64
1008276,SC1031FRS64
1008272,SC1031FRS64
1008268,SC1031FRS64
1008312,SC1031UDW63
1008310,SC1031UDW63
1008308,SC1031UDW63
1008303,SC1031UFW63
1008297,SC1031UFW63
1008291,SC1031UFW63
1008305,SC1031UFW63
1008299,SC1031UFW63
1008293,SC1031UFW63
1008205,SC1021XDD65
1008189,SC1021XDD65
1008173,SC1021XDD65
1008278,SC1031FRD66
1008274,SC1031FRD66
1008270,SC1031FRD66
1008277,SC1031FRD64
1008269,SC1031FRD64
41331,SQR6470F019
41335,SQR6470F019
41332,SQR6470F019
41333,SQR6470F019
41334,SQR6470F019
1007400,SQR1031H06
1007399,SQR1031H06
41439,SQR6450T1CT9
41440,SQR6450T1CT9
41351,SQR6450T1CT9
41270,SQR6450T1CT9
41331,SQR6471F019
41335,SQR6471F019
41332,SQR6471F019
41333,SQR6471F019
41334,SQR6471F019
41946,SQR7150M1D9
41947,SQR7150M1D9
41948,SQR7150M1DT9
41938,SQR7150M1DT9
40785,SVW72019GV
39706,SVW72019GV
36433,SVW72023FV
40901,SVW72023FV
40902,SVW72023FV
36578,SVW72023FV
36477,SVW72023FV
40903,SVW72023FV
40904,SVW72023FV
36579,SVW72023FV
34003,SVW6458HVD
36574,SVW6458HVD
41811,TV7204B
41812,TV7204B
41813,TV7204B
41814,TV7204B
41811,TV7204E
41812,TV7204E
41813,TV7204E
41814,TV7204E
41811,TV7204B6
41812,TV7204B6
41813,TV7204B6
41814,TV7204B6
41811,TV7204E6
41812,TV7204E6
41813,TV7204E6
41814,TV7204E6
41811,TV7204G
41812,TV7204G
41813,TV7204G
41814,TV7204G
41811,TV7204G6
41812,TV7204G6
41813,TV7204G6
41814,TV7204G6
1008318,ZN5035XXYUCK6
1008317,ZN5035XXYUCK6
1008316,ZN5035XXYUCK6
1008321,ZN1035U5K6
1008320,ZN1035U5K6
1008319,ZN1035U5K6
1006914,ZN1035U5N6B
1007920,ZN1035U5N6B
1006913,ZN1035U5N6B
1007919,ZN1035U5N6B
1008318,ZN1035UCK6
1008317,ZN1035UCK6
1008316,ZN1035UCK6
1008321,ZN5035XXYU5K6
1008320,ZN5035XXYU5K6
1008319,ZN5035XXYU5K6
